date,open,high,low,close,volume
2021-02-04,20.6497,21.0677,20.3094,21.0677,2111893
2021-02-05,21.0969,21.2039,20.0469,20.4164,3129885
2021-02-08,20.4164,20.4164,19.1525,19.4442,3867279
2021-02-09,19.3469,19.3469,18.1511,18.8706,4253204
2021-02-10,18.9581,19.1428,17.3053,18.7733,4754846
2021-02-11,18.7733,18.9094,18.1803,18.2289,987957
2021-02-12,18.0831,18.6178,18.0053,18.4720,722581
2021-02-17,18.4817,18.9581,18.2872,18.2872,679175
2021-02-18,18.2970,18.6567,18.0053,18.6567,380268
2021-02-19,18.6567,18.7150,18.2483,18.4720,886127
2021-02-22,17.9858,18.5497,17.4997,18.5497,1638435
2021-02-23,18.5206,19.2594,18.2192,19.2594,332850
2021-02-24,19.3469,19.4442,18.9581,19.4247,392508
2021-02-25,19.1525,19.6289,18.6956,19.2011,831714
2021-02-26,19.2011,19.3664,18.1900,18.7539,759199
2021-03-01,18.6664,18.9678,18.3358,18.5206,1311653
2021-03-02,18.2775,18.6761,17.8109,17.9470,2675970
2021-03-03,18.1803,18.4622,17.1303,17.3831,629494
2021-03-04,17.4997,18.4136,16.9359,18.1511,2058098
2021-03-05,18.4622,19.0358,17.6845,18.7053,1176394
2021-03-08,18.2386,18.6956,17.1984,17.7234,835829
2021-03-09,17.7234,17.9081,17.1400,17.8109,1116427
2021-03-10,17.6261,17.7136,16.8484,16.8484,1079707
2021-03-11,17.0914,17.2372,16.0123,16.7123,3179566
2021-03-12,16.5275,17.1789,16.2942,16.7220,5486788
2021-03-15,16.5470,16.9650,16.3525,16.7609,2067972
2021-03-16,16.6248,16.8678,16.5275,16.6539,972939
2021-03-17,16.5275,16.6734,16.3331,16.3331,1077032
2021-03-18,16.3039,16.5275,15.8275,16.4303,795508
2021-03-19,16.2164,16.9261,16.2164,16.9261,1533108
2021-03-22,16.6248,17.1011,16.3234,16.3234,1648823
2021-03-23,16.3817,17.0428,15.8664,16.5470,1565405
2021-03-24,16.5275,16.5373,15.7012,16.1387,782445
2021-03-25,16.0414,16.7414,15.6525,16.3428,762902
2021-03-26,16.1289,16.4498,15.7692,15.7692,931590
2021-03-29,15.7012,15.8567,14.8845,15.3414,911121
2021-03-30,15.5553,15.7984,14.6317,15.4581,2863275
2021-03-31,15.4581,15.7692,14.9914,15.1664,1329345
2021-04-01,15.1956,15.5067,14.7970,14.9720,1876450
2021-04-05,15.0595,15.3123,14.6901,15.2637,509870
2021-04-06,15.1956,15.8470,15.0401,15.4095,415960
2021-04-07,15.5942,15.7984,15.2053,15.4095,816389
2021-04-08,15.6525,15.6525,15.0984,15.1859,855783
2021-04-09,15.4289,15.7012,15.0692,15.7012,627334
2021-04-12,15.7595,16.0900,15.4095,16.0900,728959
2021-04-13,16.0900,16.3331,15.5651,16.0025,576316
2021-04-14,16.0512,16.0512,15.5067,15.9442,1211674
2021-04-15,15.9345,15.9345,15.1178,15.3609,1303938
2021-04-16,15.3901,15.6234,15.1664,15.5553,493618
2021-04-19,15.5164,15.7595,15.2053,15.2053,590305
2021-04-20,15.2053,15.4581,14.5540,14.5831,1696653
2021-04-22,14.8067,14.8748,14.3303,14.5637,760639
2021-04-23,14.7290,15.0692,14.6317,15.0692,662923
2021-04-26,14.9234,16.1581,14.7095,15.7984,1645429
2021-04-27,15.8664,16.0025,15.1178,15.3317,1190074
2021-04-28,15.3317,16.0900,14.9137,15.9734,2266901
2021-04-29,16.1289,16.5275,15.6137,15.7012,1238006
2021-04-30,15.6525,16.1484,15.3901,16.1387,1886838
2021-05-03,16.1387,16.2164,15.5651,15.8081,741816
2021-05-04,15.7498,15.9442,15.2637,15.3123,1665898
2021-05-05,15.3414,15.9928,15.0109,15.9831,1508113
2021-05-06,15.9637,16.3137,15.6331,16.0414,2876544
2021-05-07,16.1678,16.1775,15.5262,16.0414,3217932
2021-05-10,16.0414,16.7706,15.6914,16.0414,1424283
2021-05-11,16.0414,16.0706,15.4192,15.9637,630729
2021-05-12,15.8470,16.2942,15.5651,15.8567,1815660
2021-05-13,15.6623,15.9248,15.3803,15.7692,774319
2021-05-14,15.9248,16.2359,15.4289,16.0414,1455861
2021-05-17,15.9345,16.4206,15.9345,16.0998,882321
2021-05-18,16.1873,16.3331,15.8956,15.9831,717747
2021-05-19,15.8567,16.1387,15.6817,15.8081,1909673
2021-05-20,15.8081,16.2067,15.7595,16.0317,509047
2021-05-21,16.0220,16.5178,15.9442,16.5178,814743
2021-05-24,16.6345,16.9845,16.4109,16.6345,1418626
2021-05-25,16.6345,17.2761,16.4109,16.9942,3504908
2021-05-26,17.0331,17.6456,16.7900,17.2081,1771534
2021-05-27,17.3636,18.0442,17.1011,17.5775,3695813
2021-05-28,17.6359,18.1706,17.2956,18.1706,1141113
2021-05-31,18.1414,18.8803,17.9956,18.6664,1968714
2021-06-01,18.7150,18.9192,18.3747,18.4428,1347551
2021-06-02,18.4720,18.9192,18.2289,18.4233,854343
2021-06-04,18.4233,18.7247,17.8692,18.6081,1562011
2021-06-07,18.5108,18.9386,17.7720,18.1122,1427986
2021-06-08,18.1706,18.6664,17.8886,18.4622,1598628
2021-06-09,18.4720,18.6664,18.0539,18.0539,821120
2021-06-10,18.3164,18.4331,17.9858,18.2386,669918
2021-06-11,18.4039,18.4039,17.4317,17.4997,1209823
2021-06-14,17.6456,18.0442,17.0623,17.3150,3032786
2021-06-15,17.1109,17.7720,16.8873,17.4997,2109424
2021-06-16,17.4997,18.6469,17.4317,18.2289,3317499
2021-06-17,18.2192,18.5789,17.6164,17.6747,1083101
2021-06-18,17.6067,18.7053,17.1886,18.3747,6745263
2021-06-21,18.4817,19.2011,18.2872,19.1525,2803206
2021-06-22,19.1525,19.1525,18.7053,18.7344,800754
2021-06-23,18.8219,19.0553,18.2386,18.8122,1259812
2021-06-24,18.8608,19.0456,18.4525,18.5886,1638332
2021-06-25,18.6372,18.7928,18.0831,18.2775,742536
2021-06-28,18.0928,18.9775,18.0928,18.5303,1019020
2021-06-29,18.4233,18.9483,17.9178,18.7247,1400728
2021-06-30,18.6858,18.7539,18.2289,18.4720,1531668
2021-07-01,18.4525,18.9289,18.0442,18.7150,1667235
2021-07-02,18.8608,19.0067,18.4525,18.8025,751382
2021-07-05,18.8414,18.8803,18.3358,18.3358,1840552
2021-07-06,18.2872,18.9581,18.1511,18.7442,1804346
2021-07-07,18.7636,19.1525,18.3261,18.7733,957922
2021-07-08,18.3747,19.0456,18.1803,19.0456,808983
2021-07-12,19.2011,20.3678,19.0358,20.3678,3854216
2021-07-13,20.2122,20.6789,19.9594,20.6691,1269789
2021-07-14,20.6691,20.6789,19.5900,19.7358,1849089
2021-07-15,19.7455,19.7650,19.2594,19.4150,917190
2021-07-16,19.5219,19.6872,18.9289,19.2303,1110667
2021-07-19,19.1331,19.1331,18.2483,18.4720,1237286
2021-07-20,18.4720,18.4720,17.9761,18.2386,1412249
2021-07-21,18.3553,18.5595,17.5678,17.9275,2114362
2021-07-22,17.5970,18.3358,17.5970,18.2483,1058415
2021-07-23,18.3358,18.5011,17.6261,17.7817,758068
2021-07-26,17.6650,17.8400,17.3928,17.4997,654695
2021-07-27,17.3831,17.6942,17.2081,17.5484,1434158
2021-07-28,17.5581,18.5692,17.3442,17.9956,1764437
2021-07-29,17.9761,18.0539,17.6067,17.8497,394565
2021-07-30,17.6650,17.8011,17.4025,17.6456,953911
2021-08-02,17.8303,18.2678,17.6650,17.8400,2263918
2021-08-03,17.5484,18.9581,17.4609,18.9483,1425312
2021-08-04,18.9289,18.9289,18.0150,18.2872,1156542
2021-08-05,18.4817,18.5983,18.0247,18.3942,1582685
2021-08-06,18.3456,18.5108,18.0928,18.3747,496087
2021-08-09,18.2775,18.4331,17.9470,18.1220,1556662
2021-08-10,18.1220,18.2775,17.7525,17.7720,1912964
2021-08-11,17.7428,17.8011,17.0914,17.4997,1311653
2021-08-12,17.4900,17.5775,16.8386,17.2275,1066026
2021-08-13,17.3831,17.5581,16.7609,17.0720,1079192
2021-08-16,16.7900,16.7998,15.4678,16.0414,4292085
2021-08-17,15.5553,15.6234,14.7387,14.8456,8190119
2021-08-18,14.9137,16.3331,14.7776,15.5651,3412129
2021-08-19,15.2928,16.8970,15.1276,16.5275,2943299
2021-08-20,16.3039,16.8970,16.2748,16.7998,1715476
2021-08-23,16.9359,17.0039,16.2553,16.2553,897441
2021-08-24,16.3331,17.4414,16.3039,17.4025,1638743
2021-08-25,17.4025,17.5872,16.9261,17.5484,843337
2021-08-26,17.3928,17.5775,16.9650,17.2859,760742
2021-08-27,17.2859,17.9567,17.2859,17.3053,1366991
2021-08-30,17.4414,17.8303,17.0817,17.4414,1052552
2021-08-31,17.4997,17.7720,17.1303,17.6456,930973
2021-09-01,17.8011,18.1122,17.5970,17.9858,1445266
2021-09-02,17.9664,17.9761,17.3150,17.4025,1177937
2021-09-03,17.7817,18.1511,17.2470,18.1511,3984126
2021-09-06,18.0442,18.6275,17.7331,18.6275,1839523
2021-09-08,18.5108,18.6761,17.4706,17.6164,2851241
2021-09-09,17.5678,17.8789,17.1011,17.5678,939099
2021-09-10,17.6359,17.6553,17.0817,17.3053,772056
2021-09-13,17.6845,18.1511,17.1984,17.7136,1375014
2021-09-14,17.8789,17.8983,17.0817,17.4803,758171
2021-09-15,17.4025,17.4025,16.8678,17.1692,1095341
2021-09-16,17.0817,17.6164,16.9456,17.2567,931899
2021-09-17,17.1789,17.1886,16.4595,16.9650,1239652
2021-09-20,16.6539,16.8581,15.7109,16.4498,1302293
2021-09-21,16.6248,16.9650,16.2359,16.9650,835520
2021-09-22,17.1886,17.5192,16.4595,16.5664,922847
2021-09-23,16.5664,16.6831,16.1678,16.6636,1161376
2021-09-24,16.4692,16.7609,16.1387,16.3914,694090
2021-09-27,16.4206,16.4498,15.9831,16.0706,851258
2021-09-28,15.9928,16.2164,15.0692,15.2831,1415849
2021-09-29,15.4387,15.4678,14.8359,14.9331,1429117
2021-09-30,15.0206,15.0692,14.3887,14.5734,2029400
2021-10-01,14.5637,14.9137,14.1359,14.9137,1506056
2021-10-04,14.8553,14.8553,13.4359,13.6206,3085656
2021-10-05,13.7470,13.7470,12.9693,12.9887,3332825
2021-10-06,12.7748,12.7748,11.8221,12.2498,10069963
2021-10-07,12.4443,12.6095,11.9582,12.0068,2738919
2021-10-08,12.1137,12.7456,12.0651,12.4151,4798972
2021-10-11,12.4151,12.5220,11.8415,11.8609,1990931
2021-10-13,11.8804,12.2109,11.7832,11.9387,1235743
2021-10-14,12.0068,12.2693,11.7540,11.8512,1013157
2021-10-15,11.8609,12.2498,11.7540,11.9679,1103981
2021-10-18,11.8609,12.0554,11.4721,11.5790,1323070
2021-10-19,11.4721,11.6276,11.0443,11.1609,1948245
2021-10-20,11.2776,11.3846,10.7332,10.8304,1712287
2021-10-21,10.6943,10.7526,9.9554,10.3637,2333039
2021-10-22,10.2568,10.2568,9.2943,9.8193,3931360
2021-10-25,9.9943,10.4998,9.7901,10.2374,4785601
2021-10-26,10.1499,10.4610,9.6346,9.7318,1869661
2021-10-27,9.9651,10.4026,9.7415,10.0235,1868838
2021-10-28,9.9360,10.0040,9.5471,9.6346,1352591
2021-10-29,9.6929,9.7901,9.3138,9.4985,1781511
2021-11-01,9.5374,9.7221,9.4013,9.4499,1704264
2021-11-03,9.3624,9.9554,9.3332,9.6443,2709810
2021-11-04,9.6443,9.7610,9.3624,9.5276,1398363
2021-11-05,9.5276,9.9360,9.4985,9.8679,1467484
2021-11-08,9.8096,10.1985,9.6054,9.7221,1000197
2021-11-09,9.8582,10.1207,9.7221,9.9846,1616732
2021-11-10,10.0040,10.6748,9.8582,10.5485,1377997
2021-11-11,10.6943,11.3359,10.5485,11.0151,2266387
2021-11-12,11.1415,11.2873,10.1887,10.2957,1488055
2021-11-16,10.3443,10.4707,8.9151,9.2263,5454902
2021-11-17,9.3915,10.1790,9.2943,9.5957,4994198
2021-11-18,9.6443,9.8387,9.1874,9.1874,3428484
2021-11-19,9.0901,9.7512,9.0804,9.2943,2576300
2021-11-22,9.3040,9.5179,8.6624,8.7985,1329345
2021-11-23,8.8860,9.1679,8.7110,9.1388,2644495
2021-11-24,9.0221,9.2749,8.8665,9.0415,1164256
2021-11-25,8.9735,9.3040,8.9735,9.2457,2088236
2021-11-26,8.9929,8.9929,8.5360,8.5457,1632263
2021-11-29,8.6429,8.9443,8.4679,8.4679,4290542
2021-11-30,8.4193,8.4388,7.7874,7.9235,2894030
2021-12-01,8.0013,8.2443,7.3985,7.4860,1428089
2021-12-02,7.5541,7.8554,7.3791,7.6318,9115846
2021-12-03,7.7388,8.3124,7.6804,8.1568,2483624
2021-12-06,8.2346,8.4485,8.0304,8.2735,2221438
2021-12-07,8.4485,8.6818,8.3027,8.3902,2815549
2021-12-08,8.3610,9.1388,8.2832,8.9832,2184100
2021-12-09,8.7790,8.9929,8.3804,8.4290,5425176
2021-12-10,8.4777,8.7790,8.3804,8.5943,1270201
2021-12-13,8.5943,9.0026,8.4582,8.5943,1559234
2021-12-14,8.6818,8.7110,7.9818,8.0596,1919445
2021-12-15,8.0596,8.3221,7.7485,8.2443,1362156
2021-12-16,8.3902,8.4679,7.9235,7.9915,1180508
2021-12-17,7.9818,8.1860,7.6707,8.0790,2253118
2021-12-20,7.9041,8.0304,7.7388,7.7971,842206
2021-12-21,7.9429,7.9429,7.4568,7.6804,1524982
2021-12-22,7.6902,7.7874,7.5541,7.5832,861852
2021-12-23,7.5929,7.6221,7.2527,7.5054,1112621
2021-12-27,7.5054,7.8749,7.4957,7.6027,2758977
2021-12-28,7.6513,8.0110,7.5152,8.0110,918013
2021-12-29,7.9915,8.0888,7.7874,7.7874,563048
2021-12-30,7.8360,8.2152,7.7193,8.0888,976128
2022-01-03,8.1763,8.1957,7.4277,7.5152,1428295
2022-01-04,7.4568,7.5541,6.9902,7.1068,2247769
2022-01-05,7.0971,7.2429,6.5138,6.6596,4771406
2022-01-06,6.7180,6.9902,6.5430,6.6791,6497683
2022-01-07,6.6402,6.9513,6.5138,6.5527,1902164
2022-01-10,6.5527,6.5527,6.0471,6.1735,3809884
2022-01-11,6.1055,6.2805,5.9305,6.0277,13898259
2022-01-12,6.0763,6.6596,5.8721,6.5235,29769244
2022-01-13,6.5624,6.5624,6.0957,6.2610,6124100
2022-01-14,6.2513,6.4263,6.0277,6.2027,3318425
2022-01-17,6.2027,6.4749,6.0957,6.2513,2701993
2022-01-18,6.3194,6.3194,5.7944,5.8721,4135843
2022-01-19,5.8819,6.0471,5.8430,5.9499,2549145
2022-01-20,5.9888,6.3194,5.9596,6.0471,3275019
2022-01-21,5.9596,6.2416,5.9305,6.0471,2373051
2022-01-24,6.0277,6.0374,5.6096,5.8138,3788797
2022-01-25,5.7457,6.0180,5.6388,5.9402,2272044
2022-01-26,5.9985,6.2610,5.8819,5.9013,4859659
2022-01-27,5.9694,6.2610,5.8721,5.9791,2377474
2022-01-28,5.9596,6.0277,5.7457,5.7846,2702199
2022-01-31,5.7944,6.2999,5.7944,6.2124,4301342
2022-02-01,6.3096,6.5624,6.1541,6.2902,2793743
2022-02-02,6.2999,6.4652,6.0180,6.0374,2060772
2022-02-03,6.0374,6.1638,5.8430,5.9110,1846312
2022-02-04,5.9110,5.9499,5.6680,5.8624,3718751
2022-02-07,5.9596,6.0957,5.8041,5.9596,2324399
2022-02-08,5.9402,5.9402,5.6485,5.6971,3414392
2022-02-09,5.7360,5.8235,5.3471,5.3471,6446562
2022-02-10,5.3958,5.4444,5.1721,5.2791,3699516
2022-02-11,5.3471,5.3471,4.9388,4.9874,4209592
2022-02-14,4.9583,5.0458,4.8513,4.9485,4700742
2022-02-15,4.9777,5.0846,4.9194,5.0069,3381889
2022-02-16,5.0360,5.1916,4.9583,5.0652,3608795
2022-02-17,5.0360,5.1041,4.7930,4.8513,3424575
2022-02-18,4.8708,4.9485,4.6860,4.7638,6080179
2022-02-21,4.7444,4.7930,4.3847,4.3847,4334977
2022-02-22,4.4333,4.6958,4.3555,4.4916,3212892
2022-02-23,4.5402,4.6569,4.3555,4.3944,3401740
2022-02-24,4.1416,4.4527,3.9958,4.3847,3194686
2022-02-25,4.4138,4.4819,4.1610,4.1999,2832315
2022-03-02,4.1708,4.2097,4.0638,4.1027,1642961
2022-03-03,4.1124,4.2972,4.0736,4.1027,2128659
2022-03-04,4.0736,4.1124,3.8499,3.9180,2772040
2022-03-07,3.9569,4.0930,3.5972,3.5972,3366048
2022-03-08,3.6458,3.8986,3.5777,3.7624,4888665
2022-03-09,3.7916,4.0736,3.7916,3.9861,3713402
2022-03-10,3.9374,3.9374,3.6847,3.8791,3723379
2022-03-11,3.9083,3.9374,3.5972,3.5972,3235007
2022-03-14,3.6263,3.6652,3.4999,3.5680,2476836
2022-03-15,3.5972,3.8499,3.4708,3.7624,3890525
2022-03-16,3.8402,3.9083,3.6847,3.7916,3481867
2022-03-17,3.7916,4.0152,3.6847,3.8888,3947097
2022-03-18,3.8597,4.3360,3.8597,4.2972,5335483
2022-03-21,4.3069,4.3652,4.1027,4.2777,2979609
2022-03-22,4.3166,4.5305,4.3166,4.4527,2182146
2022-03-23,4.4722,4.7833,4.4333,4.7735,3186766
2022-03-24,4.8222,5.3471,4.6860,5.3471,6465796
2022-03-25,5.3860,5.6777,5.1916,5.6582,7945727
2022-03-28,5.3277,5.7360,4.8999,5.7360,16881777
2022-03-29,5.8430,5.9694,5.5708,5.6485,5372101
2022-03-30,5.6582,5.8624,5.5027,5.5416,4137694
2022-03-31,5.5513,5.6096,5.2985,5.3471,2443612
2022-04-01,5.4055,5.9110,5.3666,5.8235,5047067
2022-04-04,5.8332,6.0666,5.6680,6.0082,4471470
2022-04-05,6.0180,6.3874,5.7360,5.7360,6926603
2022-04-06,5.7166,5.7555,5.4346,5.5708,4309879
2022-04-07,5.5999,5.6971,5.3666,5.5416,3127211
2022-04-08,5.5513,5.5902,5.1624,5.2402,3750020
2022-04-11,5.1430,5.2305,5.0652,5.1430,1419449
2022-04-12,5.2305,5.4541,5.1041,5.1624,2160340
2022-04-13,5.2110,5.5513,5.1138,5.3958,2643055
2022-04-14,5.3860,5.5319,5.3083,5.3860,1428295
2022-04-18,5.3958,5.4055,5.1527,5.2694,3102833
2022-04-19,5.2110,5.5708,5.2110,5.4055,2848464
2022-04-20,5.3958,5.5708,4.9583,5.0263,4306691
2022-04-22,4.9291,4.9291,4.5597,4.6083,3685630
2022-04-25,4.4722,4.5985,4.3166,4.4235,4370360
2022-04-26,4.3652,4.5499,4.1513,4.1610,2512630
2022-04-27,4.2291,4.3069,4.0930,4.1805,2623718
2022-04-28,4.1902,4.3069,4.1805,4.2485,1862667
2022-04-29,4.3263,4.4333,4.0638,4.0638,2868727
2022-05-02,4.0930,4.1805,3.9958,4.1610,2423863
2022-05-03,4.1513,4.1902,3.9861,3.9861,2259495
2022-05-04,3.9861,4.2583,3.7624,4.1805,4241787
2022-05-05,4.1319,4.1902,3.7236,3.8305,4841247
2022-05-06,3.8402,3.8986,3.5777,3.5777,4914277
2022-05-09,3.5291,3.5972,3.2763,3.2958,3694785
2022-05-10,3.3833,3.4319,3.1208,3.3055,3819038
2022-05-11,3.2666,3.3638,3.1208,3.1402,6343600
2022-05-12,3.0625,3.3541,3.0236,3.3541,4579678
2022-05-13,3.4513,3.7041,3.3347,3.5972,4404406
2022-05-16,3.5291,3.8694,3.5291,3.8111,2824292
2022-05-17,3.8111,3.9277,3.4319,3.4319,5329106
2022-05-18,3.4611,3.4708,3.1402,3.1597,9626437
2022-05-19,3.2083,3.3250,3.1013,3.2569,7143429
2022-05-20,3.3347,3.4125,3.1305,3.1791,4018481
2022-05-23,3.2180,3.2958,3.0819,3.2569,4994198
2022-05-24,3.1791,3.2472,3.0625,3.1013,2865024
2022-05-25,3.1013,3.1597,2.9944,3.0041,4399675
2022-05-26,3.0138,3.2861,2.9847,3.2375,5033387
2022-05-27,3.2180,3.3347,3.1500,3.1791,1760117
2022-05-30,3.2083,3.2569,3.0138,3.0236,2953482
2022-05-31,3.0430,3.0625,2.9166,3.0333,8097649
2022-06-01,3.0722,3.0722,2.8777,2.8972,5171320
2022-06-02,2.9166,3.0041,2.8486,2.8875,3879519
2022-06-03,2.8875,2.8972,2.7708,2.8291,3072387
2022-06-06,2.8486,2.8583,2.6347,2.6444,5563932
2022-06-07,2.6250,2.7611,2.5666,2.7513,4398338
2022-06-08,2.7125,2.8194,2.6152,2.6152,3230069
2022-06-09,2.6250,2.6541,2.5472,2.6055,3088947
2022-06-10,2.5764,2.6055,2.4402,2.4889,4836618
2022-06-13,2.4791,2.4791,2.1583,2.1680,7962184
2022-06-14,2.1875,2.3333,2.1583,2.2166,4822938
2022-06-15,2.2750,2.4597,2.2555,2.4111,6226650
2022-06-17,2.3139,2.4597,2.1972,2.4208,3958926
2022-06-20,2.4500,2.5569,2.3041,2.4694,3148605
2022-06-21,2.4889,2.5569,2.3527,2.3916,3709699
2022-06-22,2.3139,2.4597,2.2555,2.3041,4857087
2022-06-23,2.3625,2.7708,2.3527,2.5277,16764003
2022-06-24,2.6736,2.8097,2.4791,2.7611,11767851
2022-06-27,2.7708,2.7708,2.6347,2.6639,4685931
2022-06-28,2.6833,2.6930,2.3430,2.3430,7817976
2022-06-29,2.3333,2.3333,2.0805,2.0902,9320947
2022-06-30,2.0027,2.1680,1.9833,2.0514,6625433
2022-07-01,2.0416,2.3139,2.0027,2.2944,6845859
2022-07-04,2.2750,2.2944,2.1097,2.1194,3779129
2022-07-05,2.0902,2.3236,2.0222,2.3139,5347106
2022-07-06,2.3333,2.5083,2.2750,2.4791,6028544
2022-07-07,2.4986,2.6347,2.4208,2.5958,4117431
2022-07-08,2.5375,2.6055,2.4889,2.5277,2249209
2022-07-11,2.4889,2.5958,2.4305,2.4791,2992260
2022-07-12,2.4791,2.6833,2.4402,2.5569,3518485
2022-07-13,2.5180,2.7125,2.5083,2.6250,2896190
2022-07-14,2.5472,2.7222,2.5472,2.5764,3650658
2022-07-15,2.5958,2.6250,2.3916,2.3916,3533605
2022-07-18,2.3333,2.5180,2.2166,2.2166,6849356
2022-07-19,2.2361,2.3041,2.1875,2.2652,2829126
2022-07-20,2.2652,2.8486,2.2652,2.8486,11039920
2022-07-21,2.8194,2.9458,2.6736,2.6930,7055279
2022-07-22,2.6833,2.8972,2.6541,2.8972,5156817
2022-07-25,2.9263,2.9458,2.7319,2.7416,2598312
2022-07-26,2.7611,2.7611,2.5666,2.5764,2784177
2022-07-27,2.5958,2.6930,2.4889,2.6639,5329620
2022-07-28,2.6541,2.7805,2.5375,2.6347,4000481
2022-07-29,2.6347,2.6347,2.4597,2.4791,4390829
2022-08-01,2.4402,2.5764,2.4402,2.4500,3525788
2022-08-02,2.4208,2.5569,2.3722,2.4986,3982583
2022-08-03,2.5083,2.7708,2.4986,2.7708,3768226
2022-08-04,2.7805,2.9361,2.7708,2.8388,4883522
2022-08-05,2.8486,3.0236,2.7416,3.0236,5638710
2022-08-08,3.0625,3.1208,2.9263,2.9361,5732414
2022-08-09,2.9652,3.0430,2.8388,2.8388,3073313
2022-08-10,2.9166,2.9555,2.7708,2.7805,5352557
2022-08-11,2.8097,2.8680,2.5958,2.6152,4977535
2022-08-12,2.5764,2.6930,2.5764,2.6250,6427224
2022-08-15,2.6055,3.1694,2.6055,3.0041,11859704
2022-08-16,2.6833,2.8583,2.6055,2.6833,17548301
2022-08-17,2.6736,2.7416,2.5569,2.6250,9450034
2022-08-18,2.6541,2.6639,2.5083,2.5277,8042311
2022-08-19,2.5083,2.5277,2.4111,2.4402,4450590
2022-08-22,2.3333,2.3916,2.2944,2.3139,6081311
2022-08-23,2.3139,2.4305,2.3041,2.3333,5780141
2022-08-24,2.3333,2.6055,2.3333,2.5277,6750406
2022-08-25,2.5472,2.6152,2.5083,2.5375,3244058
2022-08-26,2.5472,2.5764,2.4208,2.4791,4721314
2022-08-29,2.4791,2.5764,2.4305,2.4597,5491005
2022-08-30,2.4694,2.4889,2.2750,2.3333,7045302
2022-08-31,2.1389,2.1875,1.9152,1.9152,23877090
2022-09-01,1.9152,2.1000,1.9055,2.0319,18366130
2022-09-02,2.0514,2.1194,1.9833,2.0416,9161721
2022-09-05,2.0700,2.1800,2.0700,2.1200,3904500
2022-09-06,2.1100,2.1300,2.0200,2.0500,5357600
2022-09-08,2.0700,2.1400,1.9800,1.9800,8205000
2022-09-09,2.0100,2.0400,1.9300,1.9400,10307300
2022-09-12,1.9500,2.0100,1.9300,1.9500,6080100
2022-09-13,1.9400,1.9600,1.8900,1.9100,6730600
2022-09-14,1.9100,1.9100,1.8100,1.8500,10386300
2022-09-15,1.8400,1.8800,1.8100,1.8100,6528200
2022-09-16,1.8000,1.8300,1.7500,1.8300,11290100
2022-09-19,1.8000,1.9100,1.8000,1.8700,4587100
2022-09-20,1.8500,1.9000,1.8300,1.8500,4123600
2022-09-21,1.8400,1.9400,1.8400,1.8500,4753100
2022-09-22,1.8900,1.9000,1.8300,1.9000,3611900
2022-09-23,1.8600,1.9200,1.8400,1.9200,5037100
2022-09-26,1.8900,1.9200,1.8300,1.8300,1667700
2022-09-27,1.7900,1.8300,1.7800,1.7800,4230200
2022-09-28,1.7900,1.8300,1.7500,1.8200,4664400
2022-09-29,1.7800,1.8400,1.7100,1.8100,5698600
2022-09-30,1.8100,1.9200,1.7900,1.9100,5852500
2022-10-03,1.9200,2.0200,1.8800,1.9300,5316500
2022-10-04,1.9500,2.0100,1.9300,2.0000,6599800
2022-10-05,1.9800,2.0400,1.9200,2.0200,5072400
2022-10-06,2.0500,2.1800,2.0300,2.1400,7882200
2022-10-07,2.1100,2.1200,2.0000,2.0000,5146800
2022-10-10,2.0200,2.0400,1.9400,1.9900,4555100
2022-10-11,2.0000,2.0000,1.9200,1.9500,3741800
2022-10-13,1.9300,1.9300,1.8200,1.8700,5018300
2022-10-14,1.9000,1.9400,1.8400,1.8700,4675000
2022-10-17,1.8700,2.1300,1.8700,2.0800,8266900
2022-10-18,2.1100,2.1100,1.9700,2.0200,2663100
2022-10-19,2.0100,2.0300,1.9500,2.0100,2581000
2022-10-20,2.0300,2.0300,1.8800,1.8900,4257600
2022-10-21,1.8900,1.9200,1.8300,1.8700,3599600
2022-10-24,1.8400,1.8600,1.7400,1.7500,5551100
2022-10-25,1.7500,1.8600,1.7200,1.7400,4133800
2022-10-26,1.7600,1.7800,1.6400,1.6400,4956400
2022-10-27,1.6600,1.7300,1.6400,1.6900,2616500
2022-10-28,1.6800,1.7100,1.6400,1.6700,4035000
2022-10-31,1.6300,1.7500,1.6100,1.6900,5877800
2022-11-01,1.7400,1.7800,1.6100,1.6700,7396000
2022-11-03,1.6500,1.7500,1.6000,1.7000,7826600
2022-11-04,1.7500,1.8400,1.6600,1.8000,6615300
2022-11-07,1.7800,1.8200,1.6200,1.6200,7146400
2022-11-08,1.6100,1.6100,1.5300,1.5400,6058200
2022-11-09,1.5500,1.5500,1.4100,1.4500,8474100
2022-11-10,1.4100,1.4200,1.3400,1.3600,6900800
2022-11-11,1.3600,1.4500,1.3300,1.4100,5855000
2022-11-14,1.4300,1.4900,1.3800,1.4400,3554500
2022-11-16,1.3900,1.4700,1.3500,1.4700,6059500
2022-11-17,1.4400,1.4400,1.3200,1.3900,5200100
2022-11-18,1.4100,1.5000,1.3900,1.4300,6067300
2022-11-21,1.4600,1.5400,1.4200,1.5200,6116100
2022-11-22,1.5200,1.5400,1.4200,1.4400,3367000
2022-11-23,1.4300,1.4600,1.3800,1.3900,4179500
2022-11-24,1.4200,1.5200,1.4200,1.5000,3038900
2022-11-25,1.4800,1.4900,1.3600,1.3700,3664400
2022-11-28,1.3800,1.3900,1.3200,1.3300,4338700
2022-11-29,1.3600,1.4000,1.3000,1.3600,4998900
2022-11-30,1.3600,1.3800,1.2800,1.2900,4897100
2022-12-01,1.3100,1.3100,1.2400,1.2400,3132500
2022-12-02,1.2900,1.3100,1.2500,1.3000,4668100
2022-12-05,1.2900,1.3100,1.2000,1.2000,3437800
2022-12-06,1.2300,1.2400,1.2000,1.2400,3517800
2022-12-07,1.2200,1.4400,1.2200,1.3600,6723700
2022-12-08,1.3600,1.3600,1.2000,1.2100,5229500
2022-12-09,1.2300,1.2400,1.1600,1.1800,4933400
2022-12-12,1.1900,1.1900,1.1000,1.1500,3696000
2022-12-13,1.1700,1.2900,1.1500,1.2300,7493300
2022-12-14,1.2000,1.2200,1.1500,1.1500,4348400
2022-12-15,1.1400,1.2000,1.1200,1.1500,4163100
2022-12-16,1.1400,1.1700,1.1100,1.1600,4648700
2022-12-19,1.1600,1.2400,1.1500,1.2300,4497100
2022-12-20,1.2300,1.3900,1.1900,1.3300,5062800
2022-12-21,1.3300,1.3600,1.2400,1.2600,4521300
2022-12-22,1.2700,1.3100,1.2000,1.2400,3930700
2022-12-23,1.2500,1.3600,1.2400,1.3500,4535000
2022-12-26,1.3700,1.3800,1.3200,1.3300,1779500
2022-12-27,1.3500,1.3600,1.2300,1.2800,4542300
2022-12-28,1.2800,1.3900,1.2500,1.3800,4564500
2022-12-29,1.3800,1.4300,1.3100,1.3300,2715100
2023-01-02,1.3300,1.3300,1.2400,1.2500,1307200
2023-01-03,1.2800,1.2800,1.1500,1.2400,8987700
2023-01-04,1.2600,1.3400,1.1900,1.3300,6012300
2023-01-05,1.3400,1.3700,1.3000,1.3600,2723000
2023-01-06,1.3600,1.4400,1.3300,1.3700,3249700
2023-01-09,1.3400,1.4900,1.3100,1.4100,5424200
2023-01-10,1.4400,1.7300,1.4200,1.7200,7871000
2023-01-11,1.7200,1.7400,1.5100,1.5400,4931600
2023-01-12,1.5300,1.5300,1.4000,1.4300,4980800
2023-01-13,1.4200,1.4400,1.3500,1.3700,4250800
2023-01-16,1.3500,1.3900,1.2900,1.2900,2606700
2023-01-17,1.3100,1.3700,1.2900,1.3000,2367000
2023-01-18,1.3200,1.4100,1.3000,1.3100,3633100
2023-01-19,1.3000,1.3800,1.2700,1.3200,3115700
2023-01-20,1.3300,1.4000,1.3300,1.4000,2975600
2023-01-23,1.4000,1.4600,1.3700,1.3800,3366000
2023-01-24,1.3800,1.4600,1.3400,1.4100,4421800
2023-01-25,1.4200,1.4900,1.3900,1.4500,3307000
2023-01-26,1.4600,1.5000,1.4300,1.4400,1590500
2023-01-27,1.4400,1.4900,1.4400,1.4600,1416700
2023-01-30,1.4600,1.4800,1.3700,1.3800,2476000
2023-01-31,1.3900,1.5200,1.3800,1.4500,3460500
2023-02-01,1.4600,1.5200,1.4500,1.5200,2786400
2023-02-02,1.5200,1.5800,1.4300,1.4300,3290300
2023-02-03,1.4400,1.4400,1.2500,1.2600,7745200
2023-02-06,1.2600,1.3000,1.2200,1.2300,6516800
2023-02-07,1.2300,1.2800,1.2200,1.2400,4958600
2023-02-08,1.2500,1.2700,1.2200,1.2400,3156200
2023-02-09,1.2400,1.2900,1.2200,1.2400,3661200
2023-02-10,1.2400,1.2600,1.1900,1.2100,3711300
2023-02-13,1.2200,1.2900,1.2000,1.2700,1931400
2023-02-14,1.2700,1.3100,1.2400,1.2500,1910100
2023-02-15,1.2400,1.3500,1.2400,1.3300,3905800
2023-02-16,1.3200,1.3300,1.2600,1.2600,1868600
2023-02-17,1.2500,1.3000,1.2400,1.2500,2255900
2023-02-22,1.2400,1.2900,1.2200,1.2900,1293500
2023-02-23,1.2800,1.3300,1.2400,1.2500,1822400
2023-02-24,1.2600,1.2700,1.2100,1.2400,1821000
2023-02-27,1.2400,1.2500,1.2000,1.2000,1666100
2023-02-28,1.2100,1.4000,1.2000,1.3300,7316600
2023-03-01,1.3300,1.3400,1.2100,1.2200,2801600
2023-03-02,1.2100,1.2500,1.1800,1.1800,2021200
2023-03-03,1.1900,1.2100,1.1600,1.1700,3407600
2023-03-06,1.2000,1.2000,1.1600,1.1900,1960600
2023-03-07,1.1900,1.2500,1.1700,1.1700,2090700
2023-03-08,1.1800,1.3100,1.1800,1.2500,6086500
2023-03-09,1.2500,1.3300,1.2500,1.3000,2867900
2023-03-10,1.2700,1.2800,1.2200,1.2700,2559100
2023-03-13,1.2500,1.3000,1.2300,1.2800,1875000
2023-03-14,1.2800,1.2900,1.2200,1.2300,2507000
2023-03-15,1.2400,1.2500,1.2000,1.2400,2020900
2023-03-16,1.2500,1.3000,1.2300,1.2700,2326300
2023-03-17,1.2600,1.3200,1.2400,1.2800,2329000
2023-03-20,1.2800,1.3000,1.2200,1.2200,2340400
2023-03-21,1.2300,1.2400,1.1700,1.1900,3687600
2023-03-22,1.1900,1.2200,1.1600,1.1600,2072000
2023-03-23,1.1700,1.1800,1.0600,1.0900,3571000
2023-03-24,1.0800,1.1100,1.0700,1.0700,2200500
2023-03-27,1.0800,1.1500,1.0700,1.1400,4219300
2023-03-28,1.0900,1.1600,1.0600,1.0700,5177200
2023-03-29,1.0800,1.1000,0.9400,0.9700,9304200
2023-03-30,1.0000,1.0200,0.9500,1.0000,5789200
2023-03-31,1.0100,1.0100,0.9700,1.0100,2614300
2023-04-03,1.0000,1.0000,0.9400,0.9500,4151800
2023-04-04,0.9900,1.0400,0.9700,0.9700,5780900
2023-04-05,0.9800,0.9900,0.9500,0.9600,2806700
2023-04-06,0.9600,0.9800,0.9400,0.9600,2922400
2023-04-10,0.9500,0.9800,0.9500,0.9500,3384500
2023-04-11,0.9600,1.0800,0.9600,1.0800,5706100
2023-04-12,1.0800,1.1600,1.0800,1.1000,4180800
2023-04-13,1.1000,1.2200,1.0900,1.2100,5301100
2023-04-14,1.2100,1.2100,1.1500,1.1700,1801200
2023-04-17,1.1700,1.2500,1.1500,1.2100,2341800
2023-04-18,1.2300,1.2500,1.1700,1.2100,2811900
2023-04-19,1.1900,1.2000,1.1100,1.1200,4743900
2023-04-20,1.1300,1.1400,1.0800,1.0900,3579100
2023-04-24,1.0900,1.1300,1.0600,1.0700,2584000
2023-04-25,1.0800,1.0800,1.0400,1.0700,1483600
2023-04-26,1.0600,1.0900,1.0500,1.0700,1400300
2023-04-27,1.0900,1.1000,1.0500,1.0700,1146100
2023-04-28,1.0700,1.1900,1.0600,1.1900,3337200
2023-05-02,1.2000,1.2400,1.1300,1.1500,2431000
2023-05-03,1.1500,1.1500,1.1100,1.1500,1144600
2023-05-04,1.1500,1.1900,1.1300,1.1600,2498300
2023-05-05,1.1600,1.2300,1.1500,1.2300,2868500
2023-05-08,1.2400,1.3400,1.2400,1.3000,4328700
2023-05-09,1.3200,1.3400,1.2800,1.3100,2075100
2023-05-10,1.3000,1.4400,1.3000,1.4400,2931600
2023-05-11,1.4400,1.4600,1.3800,1.4200,2277000
2023-05-12,1.4200,1.4400,1.3800,1.4200,1330500
2023-05-15,1.4300,1.5000,1.4000,1.4800,1914500
2023-05-16,1.5100,1.5600,1.2900,1.3100,3535000
2023-05-17,1.3200,1.4000,1.3000,1.3800,2450600
2023-05-18,1.3900,1.4600,1.3800,1.4600,2437000
2023-05-19,1.4600,1.4900,1.3700,1.4000,2163400
2023-05-22,1.4200,1.4200,1.3500,1.3700,2106500
2023-05-23,1.3700,1.4100,1.3200,1.3500,1839600
2023-05-24,1.3400,1.4700,1.3200,1.4700,2826100
2023-05-25,1.4900,1.5700,1.4400,1.4600,3219000
2023-05-26,1.4600,1.5100,1.4400,1.4500,1926100
2023-05-29,1.4700,1.5000,1.4200,1.4400,1195600
2023-05-30,1.4600,1.4700,1.3700,1.3800,1793400
2023-05-31,1.3800,1.4300,1.3500,1.4200,1183100
2023-06-01,1.4200,1.5000,1.4000,1.4900,2666600
2023-06-02,1.5000,1.5800,1.4600,1.4700,2169800
2023-06-05,1.4700,1.5000,1.4400,1.5000,1729800
2023-06-06,1.5100,1.7100,1.5000,1.6600,3840800
2023-06-07,1.6800,1.7800,1.6500,1.7200,3498500
2023-06-09,1.7700,1.8700,1.7200,1.8200,2694800
2023-06-12,1.8400,1.8600,1.7500,1.8100,1791900
2023-06-13,1.8100,1.8200,1.6800,1.7000,2496300
2023-06-14,1.7200,1.8100,1.7100,1.7700,2065300
2023-06-15,1.7700,1.7800,1.7100,1.7300,1104000
2023-06-16,1.7300,1.8400,1.7200,1.8400,2405200
2023-06-19,1.8500,1.8700,1.7800,1.8500,1541500
2023-06-20,1.8200,1.9400,1.8000,1.9400,2237500
2023-06-21,1.9400,1.9700,1.8600,1.9300,1699800
2023-06-22,1.8700,1.8800,1.8000,1.8700,1531300
2023-06-23,1.8900,1.9900,1.8400,1.9200,2183500
2023-06-26,1.9300,1.9400,1.8300,1.8700,1813300
2023-06-27,1.9300,1.9400,1.7500,1.7600,1872200
2023-06-28,1.7700,1.8100,1.7300,1.7400,1350900
2023-06-29,1.7500,1.8400,1.7400,1.8000,1093200
2023-06-30,1.8400,1.9200,1.7900,1.8200,2489700
2023-07-03,1.8300,2.0400,1.8100,1.9000,3702800
2023-07-04,1.9300,2.0200,1.8600,2.0000,2178200
2023-07-05,1.9800,2.1400,1.9800,2.0300,3863900
2023-07-06,2.0300,2.0600,1.9000,1.9100,2497200
2023-07-07,1.9400,2.0900,1.9200,2.0400,2813000
2023-07-10,2.0500,2.0700,1.9600,1.9900,1198200
2023-07-11,2.0000,2.0000,1.7600,1.8000,4708200
2023-07-12,1.8200,1.8400,1.5300,1.5300,8799400
2023-07-13,1.5300,1.5600,1.3900,1.4200,5871100
2023-07-14,1.4300,1.4400,1.3600,1.3800,5258900
2023-07-17,1.3800,1.4100,1.3300,1.3900,2712600
2023-07-18,1.4000,1.4300,1.3600,1.3700,3223200
2023-07-19,1.3800,1.3900,1.3500,1.3600,1754500
2023-07-20,1.3800,1.3800,1.3200,1.3600,1982800
2023-07-21,1.3500,1.4400,1.3500,1.4200,2914500
2023-07-24,1.4300,1.4700,1.4100,1.4500,2769300
2023-07-25,1.4700,1.6000,1.4500,1.5800,3665200
2023-07-26,1.5600,1.6900,1.5500,1.6700,3991800
2023-07-27,1.6800,1.7200,1.5400,1.5500,2972000
2023-07-28,1.5700,1.5900,1.5200,1.5200,1506700
2023-07-31,1.5400,1.6200,1.5400,1.6100,1901300
2023-08-01,1.6000,1.6200,1.5600,1.5700,1537700
2023-08-02,1.5600,1.5900,1.5300,1.5400,1962600
2023-08-03,1.5900,1.6500,1.5600,1.5600,1772100
2023-08-04,1.5600,1.6000,1.5400,1.5800,1011700
2023-08-07,1.6000,1.6000,1.5100,1.5500,911600
2023-08-08,1.5200,1.5700,1.4800,1.5300,931300
2023-08-09,1.5500,1.5500,1.4800,1.5200,909200
2023-08-10,1.5200,1.5300,1.4600,1.4800,1650700
2023-08-11,1.4700,1.4800,1.4400,1.4700,1053000
2023-08-14,1.4700,1.4700,1.3900,1.3900,1756600
2023-08-15,1.4800,1.4900,1.3900,1.4400,2289900
2023-08-16,1.4700,1.4900,1.4200,1.4700,1609900
2023-08-17,1.4800,1.4900,1.4300,1.4700,1789600
2023-08-18,1.4800,1.4900,1.4100,1.4500,1706100
2023-08-21,1.4500,1.5100,1.4000,1.4600,2491000
2023-08-22,1.4700,1.5600,1.4500,1.5000,2656800
2023-08-23,1.5000,1.6000,1.4800,1.5700,2089400
2023-08-24,1.5500,1.6300,1.5500,1.5900,2894500
2023-08-25,1.6000,1.6200,1.5500,1.5700,1571300
2023-08-28,1.5800,1.5900,1.5100,1.5600,1834800
2023-08-29,1.5600,1.6400,1.5200,1.6100,1926600
2023-08-30,1.6100,1.7200,1.6000,1.6900,2195000
2023-08-31,1.6900,1.7200,1.6300,1.6600,2165900
2023-09-01,1.6500,1.7300,1.6500,1.6600,3074900
2023-09-04,1.6600,1.7400,1.6600,1.6600,2652300
2023-09-05,1.6600,1.6700,1.5900,1.6500,2317200
2023-09-06,1.6200,1.6700,1.5800,1.6500,1928800
2023-09-08,1.6200,1.6900,1.6000,1.6400,1871500
2023-09-11,1.6700,1.7300,1.6400,1.6400,2228100
2023-09-12,1.6300,1.7200,1.6300,1.6800,1720100
2023-09-13,1.6800,1.7400,1.6200,1.6500,2755200
2023-09-14,1.6700,1.7200,1.6400,1.6500,2400400
2023-09-15,1.6600,1.6800,1.6100,1.6300,1407300
2023-09-18,1.6400,1.6800,1.5800,1.6200,3903200
2023-09-19,1.6100,1.6400,1.5800,1.6200,1562900
2023-09-20,1.6300,1.6500,1.6100,1.6300,1430100
2023-09-21,1.6100,1.6100,1.5500,1.5800,2161300
2023-09-22,1.5900,1.6200,1.5600,1.5700,1821800
2023-09-25,1.5500,1.5900,1.5100,1.5600,2115700
2023-09-26,1.5600,1.5900,1.5300,1.5500,1454000
2023-09-27,1.5400,1.5800,1.4900,1.5000,1693000
2023-09-28,1.5000,1.5500,1.4900,1.5100,954400
2023-09-29,1.5400,1.5600,1.5000,1.5000,1563400
2023-10-02,1.5200,1.5200,1.4400,1.4400,1325800
2023-10-03,1.4400,1.4400,1.3500,1.3600,1715300
2023-10-04,1.3900,1.4600,1.3500,1.3700,2877300
2023-10-05,1.3800,1.4100,1.3500,1.3600,1258700
2023-10-06,1.3600,1.3900,1.3100,1.3500,1560400
2023-10-09,1.3400,1.3600,1.3200,1.3200,875700
2023-10-10,1.3400,1.4000,1.3100,1.3400,3617500
2023-10-11,1.3400,1.3700,1.3200,1.3300,991600
2023-10-13,1.3200,1.3400,1.2600,1.2600,1811500
2023-10-16,1.2800,1.2800,1.2200,1.2300,972600
2023-10-17,1.2400,1.2600,1.1900,1.2200,1689600
2023-10-18,1.2200,1.2200,1.1600,1.1600,1205300
2023-10-19,1.1600,1.1800,1.1000,1.1000,2452400
2023-10-20,1.1000,1.1600,1.1000,1.1400,1306500
2023-10-23,1.1600,1.1600,1.1200,1.1500,1609500
2023-10-24,1.1600,1.2000,1.1300,1.1900,1430300
2023-10-25,1.1800,1.2000,1.1100,1.1100,1468700
2023-10-26,1.1200,1.1600,1.1100,1.1400,1229800
2023-10-27,1.1400,1.1600,1.1200,1.1200,1583700
2023-10-30,1.1300,1.1400,1.0600,1.0600,1516700
2023-10-31,1.0700,1.1000,1.0300,1.0800,1620500
2023-11-01,1.0900,1.1400,1.0700,1.1400,1263500
2023-11-03,1.1600,1.2200,1.1600,1.1900,2938800
2023-11-06,1.1900,1.2000,1.1300,1.1600,1815400
2023-11-07,1.1500,1.2500,1.1400,1.2200,2338800
2023-11-08,1.2200,1.2800,1.2000,1.2200,1796800
2023-11-09,1.2200,1.2500,1.1900,1.2300,1638500
2023-11-10,1.2400,1.2800,1.2200,1.2500,1767200
2023-11-13,1.2500,1.3400,1.2300,1.3400,1287700
2023-11-14,1.3300,1.4000,1.3000,1.3400,1870200
2023-11-16,1.4000,1.4200,1.3800,1.4000,2590800
2023-11-17,1.4300,1.4400,1.3900,1.4000,2046500
2023-11-20,1.4000,1.4300,1.4000,1.4000,1134700
2023-11-21,1.4100,1.4700,1.3400,1.4100,2338600
2023-11-22,1.4200,1.4700,1.3700,1.3900,1527900
2023-11-23,1.4000,1.4100,1.3700,1.3800,904700
2023-11-24,1.4000,1.4000,1.3100,1.3200,1507700
2023-11-27,1.3300,1.3500,1.2400,1.2500,1287200
2023-11-28,1.2500,1.3100,1.2200,1.2700,1583800
2023-11-29,1.2700,1.3300,1.2700,1.2900,1304700
2023-11-30,1.2900,1.3500,1.2800,1.3300,1272100
2023-12-01,1.3300,1.3400,1.2900,1.3100,2637100
2023-12-04,1.3100,1.3100,1.2400,1.2500,2227400
2023-12-05,1.2500,1.2700,1.2300,1.2700,2063200
2023-12-06,1.2700,1.2900,1.2000,1.2100,3046600
2023-12-07,1.2000,1.2500,1.1800,1.2300,2886700
2023-12-08,1.2400,1.2600,1.2100,1.2200,1256700
2023-12-11,1.2200,1.2500,1.2100,1.2200,783300
2023-12-12,1.2200,1.2500,1.2100,1.2300,1472700
2023-12-13,1.2200,1.3200,1.2200,1.3000,2383700
2023-12-14,1.3200,1.3700,1.2600,1.2900,2646700
2023-12-15,1.2800,1.3000,1.2400,1.2700,915500
2023-12-18,1.2700,1.2700,1.2300,1.2600,1087700
2023-12-19,1.2600,1.2700,1.1900,1.1900,2474900
2023-12-20,1.2000,1.2500,1.1700,1.2400,2650700
2023-12-21,1.2500,1.2500,1.2100,1.2200,813200
2023-12-22,1.2500,1.2500,1.2100,1.2400,531800
2023-12-26,1.2300,1.2500,1.1900,1.2300,2045100
2023-12-27,1.2100,1.2500,1.2100,1.2400,1102500
2023-12-28,1.2400,1.2700,1.2100,1.2200,1240000
2024-01-02,1.2300,1.2400,1.1400,1.1500,2244800
2024-01-03,1.1600,1.1600,1.1200,1.1400,1276600
2024-01-04,1.1600,1.1600,1.0700,1.0700,3082700
2024-01-05,1.0600,1.1300,1.0400,1.0900,3299800
2024-01-08,1.0900,1.1400,1.0700,1.1200,1729200
2024-01-09,1.1200,1.1300,1.0900,1.1100,1732100
2024-01-10,1.1100,1.1200,1.0700,1.0900,1754800
2024-01-11,1.0900,1.1000,1.0600,1.0900,3174100
2024-01-12,1.0900,1.1300,1.0700,1.0900,2216300
2024-01-15,1.0900,1.1300,1.0700,1.1100,1238300
2024-01-16,1.1000,1.1100,1.0700,1.0900,1149700
2024-01-17,1.0900,1.0900,1.0500,1.0700,1251200
2024-01-18,1.0700,1.0800,1.0500,1.0600,1389300
2024-01-19,1.0800,1.1000,1.0400,1.0800,1690300
2024-01-22,1.0900,1.1000,1.0200,1.0400,1931100
2024-01-23,1.0400,1.0700,1.0300,1.0500,1143700
2024-01-24,1.0600,1.1000,1.0600,1.0800,967600
2024-01-25,1.0900,1.1000,1.0700,1.1000,548800
2024-01-26,1.1000,1.1200,1.0700,1.0800,1075300
2024-01-29,1.0900,1.1000,1.0400,1.0500,946500
2024-01-30,1.0500,1.0500,1.0000,1.0100,1396700
2024-01-31,1.0200,1.1000,1.0100,1.0700,2319300
2024-02-01,1.0700,1.1200,1.0600,1.0700,2120700
2024-02-02,1.0500,1.0900,1.0000,1.0600,2229100
2024-02-05,1.0400,1.0600,1.0200,1.0200,1869800
2024-02-06,1.0400,1.0600,0.9800,0.9900,3485300
2024-02-07,1.0100,1.0200,0.9800,1.0000,1405900
2024-02-08,1.0100,1.0200,0.9600,0.9700,2403500
2024-02-09,0.9700,0.9900,0.9600,0.9700,1157400
2024-02-14,0.9700,0.9700,0.9400,0.9500,2187400
2024-02-15,0.9500,0.9700,0.9300,0.9400,1678400
2024-02-16,0.9400,1.0100,0.9400,0.9800,1557700
2024-02-19,0.9900,1.0000,0.9700,0.9900,739000
2024-02-20,0.9700,1.0100,0.9700,1.0000,805900
2024-02-21,0.9800,1.0100,0.9700,0.9800,940700
2024-02-22,1.0000,1.0200,0.9800,1.0100,1395800
2024-02-23,1.0100,1.0200,1.0000,1.0000,513600
2024-02-26,1.0100,1.0200,0.9900,0.9900,532200
2024-02-27,0.9900,1.0400,0.9900,1.0400,1188000
2024-02-28,1.0400,1.0700,1.0200,1.0700,1434200
2024-02-29,1.0500,1.0900,1.0400,1.0900,913200
2024-03-01,1.0800,1.1100,1.0700,1.0700,844500
2024-03-04,1.0900,1.1000,1.0600,1.0600,486300
2024-03-05,1.0600,1.1000,1.0600,1.0600,534100
2024-03-06,1.0800,1.1100,1.0800,1.0900,471400
2024-03-07,1.0900,1.1000,1.0600,1.0600,351500
2024-03-08,1.0700,1.1600,1.0600,1.0900,1684300
2024-03-11,1.1000,1.1100,1.0500,1.0600,507900
2024-03-12,1.0700,1.1000,1.0700,1.0700,477300
2024-03-13,1.0800,1.1000,1.0700,1.0700,249200
2024-03-14,1.0900,1.1100,1.0800,1.1000,661900
2024-03-15,1.0900,1.1100,1.0700,1.0700,410800
2024-03-18,1.0700,1.0900,1.0500,1.0700,482800
2024-03-19,1.0700,1.0700,1.0200,1.0200,1121200
2024-03-20,1.0200,1.0900,1.0100,1.0800,810600
2024-03-21,1.0700,1.0800,1.0500,1.0600,296500
2024-03-22,1.0800,1.0900,1.0000,1.0000,1145400
2024-03-25,1.0100,1.0100,0.9500,0.9500,1404300
2024-03-26,0.9700,0.9800,0.9600,0.9800,454500
2024-03-27,0.9800,1.0300,0.9700,1.0300,483800
2024-03-28,1.0000,1.0300,1.0000,1.0200,298400
2024-04-01,1.0200,1.0300,0.9800,0.9800,341100
2024-04-02,0.9800,0.9900,0.9600,0.9800,511700
2024-04-03,0.9900,1.0000,0.9700,0.9700,441900
2024-04-04,0.9700,1.0000,0.9700,0.9700,1279900
2024-04-05,0.9700,0.9800,0.9600,0.9700,384400
2024-04-08,0.9700,1.0500,0.9700,1.0100,1218600
2024-04-09,1.0200,1.0300,1.0000,1.0100,350200
2024-04-10,1.0000,1.0200,0.9800,0.9800,841100
2024-04-11,0.9900,1.0100,0.9800,0.9800,404500
2024-04-12,0.9800,0.9800,0.9500,0.9600,1083600
2024-04-15,0.9700,0.9800,0.9400,0.9400,1136400
2024-04-16,0.9400,0.9600,0.9300,0.9300,966500
2024-04-17,0.9400,0.9600,0.8600,0.8800,1450700
2024-04-18,0.9000,0.9200,0.8800,0.9000,1647600
2024-04-19,0.9000,0.9400,0.9000,0.9000,970800
2024-04-22,0.9000,0.9400,0.9000,0.9300,972900
2024-04-23,0.9300,0.9500,0.9100,0.9200,655900
2024-04-24,0.9100,0.9400,0.8900,0.9000,1108400
2024-04-25,0.9000,0.9200,0.8900,0.9100,467500
2024-04-26,0.9100,0.9700,0.9100,0.9400,1026300
2024-04-29,0.9300,0.9700,0.9300,0.9600,498000
2024-04-30,0.9600,0.9700,0.9300,0.9300,390900
2024-05-02,0.9500,1.0000,0.9300,0.9300,1891300
2024-05-03,0.9400,1.0100,0.9300,0.9500,5249100
2024-05-06,0.9400,0.9800,0.9400,0.9500,718300
2024-05-07,0.9600,1.0000,0.9600,0.9800,868200
2024-05-08,0.9800,1.0100,0.9700,1.0100,861400
2024-05-09,1.0100,1.0100,0.9700,1.0100,425000
2024-05-10,1.0500,1.0700,1.0100,1.0200,896400
2024-05-13,1.0200,1.1000,1.0200,1.1000,2046200
2024-05-14,1.0900,1.1900,1.0900,1.1800,1918300
2024-05-15,1.1600,1.1800,1.1200,1.1400,696800
2024-05-16,1.1300,1.1500,1.1100,1.1500,828000
2024-05-17,1.1500,1.1900,1.1400,1.1800,697000
2024-05-20,1.1900,1.2600,1.1700,1.2300,1452900
2024-05-21,1.2300,1.2300,1.2000,1.2300,775800
2024-05-22,1.2000,1.2600,1.2000,1.2200,1193700
2024-05-23,1.2100,1.2300,1.1900,1.2100,1564200
2024-05-24,1.2100,1.2100,1.1700,1.1900,280400
2024-05-27,1.1800,1.1800,1.1500,1.1600,304200
2024-05-28,1.1700,1.1800,1.1400,1.1700,631200
2024-05-29,1.1700,1.1800,1.1400,1.1600,661600
2024-05-31,1.1600,1.1700,1.1400,1.1600,851800
2024-06-03,1.1700,1.1700,1.1400,1.1700,368000
2024-06-04,1.1500,1.1500,1.1300,1.1300,510700
2024-06-05,1.1400,1.1400,1.1100,1.1200,556300
2024-06-06,1.1300,1.1600,1.1200,1.1400,234200
2024-06-07,1.1400,1.1600,1.1200,1.1200,509700
2024-06-10,1.1100,1.1200,1.0800,1.1000,798700
2024-06-11,1.1000,1.1300,1.0900,1.1300,288600
2024-06-12,1.1300,1.1400,1.0900,1.0900,1415400
2024-06-13,1.0800,1.0900,1.0600,1.0900,244200
2024-06-14,1.0900,1.0900,1.0700,1.0700,110900
2024-06-17,1.0800,1.0800,1.0400,1.0400,124100
2024-06-18,1.0400,1.0600,1.0300,1.0300,298400
2024-06-19,1.0200,1.0300,1.0000,1.0200,661700
2024-06-20,1.0300,1.0500,1.0100,1.0100,567600
2024-06-21,1.0100,1.0200,0.9900,1.0200,363800
2024-06-24,1.0000,1.0400,1.0000,1.0300,133600
2024-06-25,1.0300,1.0400,1.0200,1.0400,230900
2024-06-26,1.0300,1.0400,1.0100,1.0100,389300
2024-06-27,1.0200,1.0300,1.0000,1.0000,393800
2024-06-28,1.0200,1.0200,1.0000,1.0200,363900
2024-07-01,1.0300,1.0300,1.0000,1.0000,383500
2024-07-02,1.0100,1.0100,0.9700,1.0000,367500
2024-07-03,1.0000,1.0200,0.9900,1.0200,636900
2024-07-04,1.0100,1.0600,1.0100,1.0300,493700
2024-07-05,1.0300,1.0500,1.0200,1.0500,318900
2024-07-08,1.0300,1.0500,1.0300,1.0500,368500
2024-07-09,1.0600,1.0700,1.0400,1.0400,428700
2024-07-10,1.0500,1.0700,1.0500,1.0500,246500
2024-07-11,1.0500,1.0900,1.0500,1.0700,498000
2024-07-12,1.0600,1.0800,1.0500,1.0800,341000
2024-07-15,1.0600,1.0900,1.0500,1.0700,404300
2024-07-16,1.0800,1.0800,1.0500,1.0600,538400
2024-07-17,1.0600,1.0700,1.0500,1.0700,514600
2024-07-18,1.0600,1.0600,1.0300,1.0400,654300
2024-07-19,1.0500,1.0500,1.0300,1.0500,358800
2024-07-22,1.0400,1.0600,1.0100,1.0300,446500
2024-07-23,1.0200,1.0300,0.9900,0.9900,1273200
2024-07-24,0.9800,1.0100,0.9800,1.0000,529400
2024-07-25,1.0000,1.0000,0.9600,0.9900,1205000
2024-07-26,1.0000,1.0000,0.9700,0.9900,645500
2024-07-29,0.9800,0.9900,0.9600,0.9800,755000
2024-07-30,0.9700,0.9900,0.9600,0.9700,342600
2024-07-31,0.9700,0.9900,0.9700,0.9900,211200
2024-08-01,0.9900,0.9900,0.9600,0.9800,687900
2024-08-02,0.9600,1.0000,0.9600,1.0000,275000
2024-08-05,0.9800,0.9800,0.9000,0.9600,1432600
2024-08-06,0.9600,0.9800,0.9300,0.9300,657200
2024-08-07,0.9500,0.9800,0.9400,0.9800,458600
2024-08-08,0.9700,1.0600,0.9700,1.0600,1173300
2024-08-09,1.0800,1.0800,0.9900,1.0300,1222900
2024-08-12,1.0400,1.0400,1.0100,1.0400,339400
2024-08-13,1.0300,1.0400,1.0200,1.0200,672000
2024-08-14,1.0100,1.0300,1.0100,1.0200,350500
2024-08-15,1.0200,1.0200,1.0000,1.0100,674700
2024-08-16,1.0100,1.0200,1.0000,1.0000,283000
2024-08-19,1.0000,1.0400,1.0000,1.0300,434500
2024-08-20,1.0300,1.0400,1.0100,1.0300,358300
2024-08-21,1.0400,1.0500,1.0200,1.0500,561400
2024-08-22,1.0500,1.0500,1.0300,1.0400,230000
2024-08-23,1.0400,1.0900,1.0300,1.0900,542000
2024-08-26,1.0900,1.1000,1.0500,1.0900,334500
2024-08-27,1.0900,1.0900,1.0600,1.0900,256400
2024-08-28,1.0700,1.0900,1.0700,1.0800,206500
2024-08-29,1.0700,1.0800,1.0400,1.0600,297300
2024-08-30,1.0500,1.0600,1.0400,1.0600,232700
2024-09-02,1.0600,1.2000,1.0400,1.1500,2153700
2024-09-03,1.1600,1.1900,1.1200,1.1400,466300
2024-09-04,1.1500,1.1700,1.1300,1.1700,207200
2024-09-05,1.1500,1.1800,1.1500,1.1700,197000
2024-09-06,1.1800,1.1800,1.1400,1.1400,381200
2024-09-09,1.1400,1.1400,1.0900,1.1100,333700
2024-09-10,1.1200,1.1200,1.0800,1.0900,131900
2024-09-11,1.0800,1.0900,1.0700,1.0900,100400
2024-09-12,1.1100,1.1100,1.0800,1.1100,64700
2024-09-13,1.1100,1.1100,1.0800,1.1100,63800
2024-09-16,1.0900,1.1200,1.0800,1.1000,244600
2024-09-17,1.1000,1.1100,1.0800,1.1100,110800
2024-09-18,1.1000,1.1200,1.0900,1.1100,138100
2024-09-19,1.1000,1.1200,1.0800,1.1000,169600
2024-09-20,1.1000,1.1100,1.0200,1.0500,596700
2024-09-23,1.0500,1.0500,1.0200,1.0300,203700
2024-09-24,1.0400,1.0500,1.0300,1.0400,104100
2024-09-25,1.0400,1.0500,1.0200,1.0500,298000
2024-09-26,1.0500,1.0600,1.0300,1.0500,133200
2024-09-27,1.0500,1.0600,1.0300,1.0500,215500
2024-09-30,1.0500,1.0500,1.0200,1.0400,184300
2024-10-01,1.0300,1.0400,1.0200,1.0200,295900
2024-10-02,1.0200,1.0400,1.0200,1.0400,300800
2024-10-03,1.0200,1.0300,0.9800,1.0000,632300
2024-10-04,1.0000,1.0100,0.9900,1.0000,392800
2024-10-07,1.0000,1.0100,0.9800,0.9900,178300
2024-10-08,0.9800,1.0000,0.9700,0.9900,426200
2024-10-09,0.9900,1.0000,0.9600,0.9600,248300
2024-10-10,0.9700,0.9800,0.9600,0.9800,116100
2024-10-11,0.9600,0.9700,0.9100,0.9700,688500
2024-10-14,0.9600,0.9800,0.9500,0.9800,228200
2024-10-15,0.9700,0.9800,0.9600,0.9600,128600
2024-10-16,0.9700,0.9700,0.9500,0.9600,266700
2024-10-17,0.9600,0.9700,0.9400,0.9600,208900
2024-10-18,0.9500,0.9600,0.9400,0.9500,252000
2024-10-21,0.9500,0.9600,0.9400,0.9400,210600
2024-10-22,0.9500,0.9600,0.9300,0.9300,155500
2024-10-23,0.9300,0.9400,0.9300,0.9400,58000
2024-10-24,0.9400,0.9500,0.9300,0.9500,186300
2024-10-25,0.9500,0.9600,0.9400,0.9400,188300
2024-10-28,0.9400,0.9600,0.9400,0.9500,105200
2024-10-29,0.9400,0.9600,0.9400,0.9500,163600
2024-10-30,0.9500,0.9700,0.9500,0.9500,215800
2024-10-31,0.9500,0.9700,0.9500,0.9500,138000
2024-11-01,0.9500,0.9700,0.9500,0.9500,126500
2024-11-04,0.9500,0.9800,0.9500,0.9700,197700
2024-11-05,0.9800,0.9800,0.9600,0.9800,156500
2024-11-06,0.9600,1.0000,0.9600,1.0000,288600
2024-11-07,1.0000,1.0400,0.9900,1.0400,637200
2024-11-08,1.0300,1.0300,1.0100,1.0300,422200
2024-11-11,1.0100,1.0200,0.9900,1.0000,576800
2024-11-12,1.0000,1.0000,0.9800,0.9800,117100
2024-11-13,0.9800,0.9900,0.9500,0.9800,304100
2024-11-14,0.9800,0.9800,0.9400,0.9600,311200
2024-11-18,0.9600,0.9700,0.9300,0.9300,244700
2024-11-19,0.9300,0.9500,0.9300,0.9400,528100
2024-11-21,0.9400,0.9500,0.9200,0.9400,264700
2024-11-22,0.9200,0.9600,0.9200,0.9600,463500
2024-11-25,0.9600,0.9600,0.9300,0.9500,268900
2024-11-26,0.9500,0.9600,0.9400,0.9400,297100
2024-11-27,0.9400,0.9500,0.9200,0.9300,331600
2024-11-28,0.9400,0.9400,0.8800,0.9000,879600
2024-11-29,0.9000,0.9000,0.8600,0.8900,1049300
2024-12-02,0.9000,0.9000,0.8700,0.8800,264600
2024-12-03,0.8800,0.8800,0.8400,0.8500,821500
2024-12-04,0.8700,0.8700,0.8300,0.8500,359200
2024-12-05,0.8500,0.8700,0.8500,0.8600,230000
2024-12-06,0.8600,0.8700,0.8200,0.8400,257400
2024-12-09,0.8400,0.8400,0.8100,0.8400,411300
2024-12-10,0.8400,0.8400,0.8100,0.8300,670700
2024-12-11,0.8300,0.8400,0.8100,0.8100,805700
2024-12-12,0.8100,0.8200,0.7900,0.8100,620200
2024-12-13,0.8100,0.8200,0.7900,0.8100,650600
2024-12-16,0.8100,0.8300,0.7900,0.8000,200200
2024-12-17,0.8000,0.8000,0.7500,0.7700,696400
2024-12-18,0.7700,0.7700,0.7000,0.7000,507500
2024-12-19,0.7200,0.7400,0.7000,0.7100,333600
2024-12-20,0.7100,0.7400,0.7100,0.7300,192200
2024-12-23,0.7300,0.7400,0.7000,0.7100,356900
2024-12-26,0.7000,0.7200,0.7000,0.7100,209600
2024-12-27,0.7200,0.7200,0.7000,0.7200,160400
2024-12-30,0.7300,0.7400,0.7000,0.7400,276400
2025-01-02,0.7400,0.7400,0.7100,0.7300,168300
2025-01-03,0.7300,0.7300,0.7100,0.7300,172500
2025-01-06,0.7200,0.7300,0.7100,0.7200,221500
2025-01-07,0.7200,0.7300,0.7100,0.7200,110500
2025-01-08,0.7200,0.7300,0.7000,0.7200,256000
2025-01-09,0.7200,0.7300,0.7000,0.7200,376400
2025-01-10,0.7200,0.7200,0.7100,0.7100,132800
2025-01-13,0.7200,0.7200,0.7100,0.7100,102300
2025-01-14,0.7100,0.7200,0.7100,0.7200,216900
2025-01-15,0.7200,0.7400,0.7100,0.7400,494900
2025-01-16,0.7300,0.7400,0.7100,0.7200,356200
2025-01-17,0.7200,0.7300,0.7200,0.7300,237300
2025-01-20,0.7300,0.7500,0.7200,0.7300,564400
2025-01-21,0.7300,0.7900,0.7300,0.7700,828900
2025-01-22,0.7600,0.8000,0.7300,0.7400,938300
2025-01-23,0.7700,0.7700,0.7300,0.7600,498000
2025-01-24,0.7600,0.7600,0.7200,0.7500,373300
2025-01-27,0.7400,0.7500,0.7300,0.7500,167200
2025-01-28,0.7500,0.7500,0.7400,0.7400,168700
2025-01-29,0.7400,0.7500,0.7200,0.7300,303600
2025-01-30,0.7300,0.7500,0.7300,0.7400,680000
2025-01-31,0.7300,0.7500,0.7200,0.7300,414400
2025-02-03,0.7200,0.7300,0.7100,0.7300,175900
2025-02-04,0.7200,0.7300,0.7100,0.7100,96300
2025-02-05,0.7100,0.7300,0.7000,0.7300,397600
2025-02-06,0.7300,0.7300,0.7100,0.7300,587000
2025-02-07,0.7200,0.7300,0.7100,0.7200,185200
2025-02-10,0.7200,0.7200,0.7100,0.7200,118400
2025-02-11,0.7100,0.7300,0.7100,0.7300,346500
2025-02-12,0.7300,0.7300,0.7100,0.7300,45500
2025-02-13,0.7200,0.7300,0.7200,0.7200,62900
2025-02-14,0.7200,0.7300,0.7200,0.7200,92600
2025-02-17,0.7200,0.7600,0.7100,0.7500,1088600
2025-02-18,0.7300,0.7400,0.7200,0.7300,374500
2025-02-19,0.7200,0.7300,0.7200,0.7300,74400
2025-02-20,0.7300,0.7400,0.7100,0.7200,520100
2025-02-21,0.7200,0.7300,0.7200,0.7200,1134800
2025-02-24,0.7100,0.7200,0.7000,0.7100,225100
2025-02-25,0.7000,0.7100,0.7000,0.7100,387400
2025-02-26,0.7100,0.7100,0.6600,0.7100,600700
2025-02-27,0.7000,0.7000,0.6700,0.6800,808700
2025-02-28,0.6700,0.7100,0.6600,0.7100,516900
2025-03-05,0.7000,0.7000,0.6800,0.6800,92900
2025-03-06,0.6800,0.6900,0.6700,0.6800,78900
2025-03-07,0.6800,0.7000,0.6700,0.6700,530000
2025-03-10,0.6700,0.7000,0.6700,0.6900,138800
2025-03-11,0.6800,0.7000,0.6800,0.6800,127700
2025-03-12,0.6800,0.6900,0.6800,0.6800,119800
2025-03-13,0.6800,0.7500,0.6800,0.7200,794900
2025-03-14,0.7200,0.7400,0.7100,0.7100,791200
2025-03-17,0.7100,0.7300,0.7100,0.7100,524200
2025-03-18,0.7000,0.7600,0.7000,0.7200,790700
2025-03-19,0.7400,0.7600,0.7100,0.7400,1188700
2025-03-20,0.7300,0.7600,0.7200,0.7300,2772000
2025-03-21,0.7400,0.7500,0.7100,0.7100,1917100
2025-03-24,0.7200,0.7300,0.6900,0.6900,976300
2025-03-25,0.7000,0.7100,0.6900,0.7000,294900
2025-03-26,0.7000,0.7200,0.7000,0.7000,488300
2025-03-27,0.7100,0.7700,0.7000,0.7300,2612000
2025-03-28,0.7300,0.7300,0.7100,0.7300,135900
2025-03-31,0.7300,0.7300,0.7100,0.7100,300800
2025-04-01,0.7200,0.7200,0.7000,0.7100,120100
2025-04-02,0.7100,0.7200,0.7000,0.7100,206400
2025-04-03,0.7200,0.7300,0.7000,0.7100,417500
2025-04-04,0.7100,0.7200,0.7000,0.7100,395300
2025-04-07,0.7000,0.7000,0.6900,0.7000,255700
2025-04-08,0.7100,0.7100,0.6800,0.7000,648700
2025-04-09,0.7000,0.7200,0.6800,0.7200,286300
2025-04-10,0.7100,0.7200,0.7100,0.7200,97000
2025-04-11,0.7200,0.7300,0.7100,0.7200,316600
2025-04-14,0.7300,0.7400,0.7100,0.7200,781900
2025-04-15,0.7200,0.7500,0.7100,0.7300,953200
2025-04-16,0.7200,0.8000,0.7200,0.7800,3189300
2025-04-17,0.7700,0.8000,0.7700,0.7700,318800
2025-04-22,0.7600,0.8300,0.7600,0.8300,2474300
2025-04-23,0.8700,0.8700,0.8000,0.8000,651300
2025-04-24,0.8100,0.8100,0.7900,0.8000,502500
2025-04-25,0.8100,0.8100,0.7800,0.8000,284200
2025-04-28,0.8000,0.8200,0.7900,0.8200,446400
2025-04-29,0.8200,0.8300,0.8100,0.8200,456400
2025-04-30,0.8100,0.8200,0.8000,0.8200,218700
2025-05-02,0.8200,0.8200,0.8000,0.8000,91500
2025-05-05,0.8000,0.8100,0.7800,0.8000,117800
2025-05-06,0.8000,0.8100,0.7700,0.7700,387900
2025-05-07,0.7700,0.8100,0.7600,0.8100,452900
2025-05-08,0.9100,0.9500,0.8500,0.8900,2779500
2025-05-09,0.9100,0.9300,0.8400,0.8800,1470400
2025-05-12,0.8900,0.9000,0.8500,0.8700,303400
2025-05-13,0.8800,0.9200,0.8700,0.9200,1064100
2025-05-14,0.9300,0.9300,0.8900,0.9000,254900
2025-05-15,0.9000,0.9400,0.9000,0.9400,245700
2025-05-16,0.9400,0.9900,0.9300,0.9800,586000
2025-05-19,0.9800,1.0700,0.9700,1.0200,1669800
2025-05-20,1.0100,1.0400,1.0100,1.0200,303900
2025-05-21,1.0200,1.0600,1.0200,1.0600,409400
2025-05-22,1.0700,1.0800,1.0400,1.0600,854500
2025-05-23,1.0500,1.1300,1.0500,1.1200,516800
2025-05-26,1.1500,1.1700,1.1100,1.1100,627600
2025-05-27,1.1300,1.1400,1.0900,1.0900,334300
2025-05-28,1.0800,1.0900,1.0700,1.0800,216500
2025-05-29,1.0600,1.0800,1.0500,1.0500,292900
2025-05-30,1.0500,1.0700,0.9700,1.0000,566600
2025-06-02,1.0100,1.0200,0.9900,1.0200,452800
2025-06-03,1.0200,1.1000,1.0100,1.0800,449100
2025-06-04,1.0700,1.1100,1.0400,1.0400,814500
2025-06-05,1.0400,1.0600,1.0200,1.0200,201800
2025-06-06,1.0200,1.0300,1.0000,1.0100,236000
2025-06-09,1.0300,1.0300,1.0000,1.0100,342100
2025-06-10,1.0300,1.0300,1.0100,1.0200,164400
2025-06-11,1.0200,1.0400,1.0100,1.0100,132300
2025-06-12,1.0200,1.0300,1.0100,1.0300,116200
2025-06-13,1.0100,1.0200,1.0000,1.0200,193200
2025-06-16,1.0200,1.0500,1.0100,1.0400,245400
2025-06-17,1.0400,1.0600,1.0100,1.0200,611400
2025-06-18,1.0300,1.0400,1.0200,1.0200,347800
2025-06-20,1.0200,1.0400,1.0200,1.0300,172800
2025-06-23,1.0300,1.0400,1.0200,1.0300,294500
2025-06-24,1.0400,1.0700,1.0300,1.0500,458500
2025-06-25,1.0400,1.0700,1.0400,1.0700,214000
2025-06-26,1.0700,1.0800,1.0400,1.0400,154700
2025-06-27,1.0400,1.0500,1.0200,1.0300,356000
2025-06-30,1.0300,1.1200,1.0200,1.0800,613800
2025-07-01,1.0700,1.1400,1.0700,1.1100,638100
2025-07-02,1.1200,1.1200,1.1000,1.1000,237200
2025-07-03,1.0900,1.1500,1.0900,1.1200,139800
2025-07-04,1.1100,1.1300,1.0900,1.1100,202200
2025-07-07,1.1200,1.1300,1.1000,1.1200,396500
2025-07-08,1.1200,1.2000,1.1100,1.1700,842000
2025-07-09,1.1500,1.2300,1.1500,1.1700,500900
2025-07-10,1.1700,1.1800,1.1200,1.1700,187200
2025-07-11,1.1700,1.1700,1.1200,1.1200,217700
2025-07-14,1.1200,1.1600,1.1000,1.1600,656700
2025-07-15,1.1400,1.1800,1.1400,1.1500,227700
2025-07-16,1.1500,1.2000,1.1400,1.1900,410400
2025-07-17,1.1800,1.2200,1.1800,1.1900,134500
2025-07-18,1.2000,1.2100,1.1200,1.1200,399700
2025-07-21,1.1200,1.1500,1.0800,1.0800,442100
2025-07-22,1.0800,1.1100,1.0700,1.0900,243600
2025-07-23,1.0700,1.1100,1.0600,1.0900,179700
2025-07-24,1.0900,1.0900,1.0600,1.0800,58000
2025-07-25,1.0800,1.0800,1.0400,1.0600,207600
2025-07-28,1.0400,1.1000,1.0300,1.0300,159700
2025-07-29,1.0200,1.0300,1.0100,1.0100,174500
2025-07-30,1.0000,1.0200,0.9900,1.0100,179300
2025-07-31,1.0100,1.0500,1.0000,1.0300,309200
2025-08-01,1.0200,1.0600,1.0200,1.0500,98800
2025-08-04,1.0500,1.0700,1.0400,1.0400,169800
2025-08-05,1.0400,1.1400,1.0400,1.1100,386900
2025-08-06,1.0900,1.1400,1.0600,1.1300,676900
2025-08-07,1.1300,1.1800,1.0500,1.1000,752400
2025-08-08,1.1200,1.1200,1.0500,1.0500,551000
2025-08-11,1.0500,1.0500,0.9800,1.0100,1313800
2025-08-12,1.0200,1.0400,0.9900,1.0300,364000
2025-08-13,1.0500,1.0500,1.0100,1.0300,94500
2025-08-14,1.0200,1.0200,0.9800,1.0100,408100
2025-08-15,1.0200,1.0200,0.9800,1.0000,397800
2025-08-18,1.0000,1.0300,0.9900,1.0300,479300
2025-08-19,1.0300,1.0400,1.0200,1.0200,114300
2025-08-20,1.0100,1.0300,1.0000,1.0300,124600
2025-08-21,1.0200,1.0700,1.0100,1.0600,358000
2025-08-22,1.0600,1.1100,1.0600,1.1100,565100
2025-08-25,1.0900,1.1500,1.0900,1.1300,221300
2025-08-26,1.1200,1.1200,1.0800,1.1100,138100
2025-08-27,1.1100,1.1300,1.0900,1.1200,305400
2025-08-28,1.1000,1.1800,1.0800,1.1600,663000
2025-08-29,1.1600,1.1600,1.1300,1.1400,345100
2025-09-01,1.1300,1.1700,1.1200,1.1500,453600
2025-09-02,1.1400,1.1500,1.1000,1.1100,333000
2025-09-03,1.1200,1.1300,1.0900,1.1000,203300
2025-09-04,1.1000,1.1100,1.0900,1.1000,150200
2025-09-05,1.1000,1.1500,1.1000,1.1400,901400
2025-09-08,1.1500,1.1500,1.1200,1.1400,164600
2025-09-09,1.1300,1.1500,1.1200,1.1400,138400
2025-09-10,1.1300,1.1400,1.1200,1.1300,110700
2025-09-11,1.1200,1.1300,1.1200,1.1300,267500
2025-09-12,1.1200,1.1500,1.1100,1.1400,756600
2025-09-15,1.1400,1.1900,1.1300,1.1800,835000
2025-09-16,1.1800,1.2300,1.1500,1.2100,556400
2025-09-17,1.2100,1.2300,1.1800,1.2200,383700
2025-09-18,1.2000,1.2900,1.2000,1.2800,1003300
2025-09-19,1.2700,1.3700,1.2700,1.3500,1122400
2025-09-22,1.3600,1.3600,1.2900,1.3200,259200
2025-09-23,1.3200,1.3200,1.2600,1.3000,292000
2025-09-24,1.3000,1.3100,1.1800,1.2100,560200
2025-09-25,1.2400,1.2400,1.1900,1.2000,168900
2025-09-26,1.2000,1.2800,1.1900,1.2800,233700
2025-09-29,1.2800,1.3000,1.2500,1.2700,378200
2025-09-30,1.2800,1.3100,1.2000,1.2400,495400
2025-10-01,1.2500,1.2500,1.1900,1.2100,306700
2025-10-02,1.2000,1.2200,1.1400,1.1600,449900
2025-10-03,1.1500,1.1600,1.1300,1.1400,239600
2025-10-06,1.1400,1.1500,1.1100,1.1500,161700
2025-10-07,1.1200,1.1400,1.0900,1.1200,378800
2025-10-08,1.1100,1.1100,1.0800,1.1000,206200
2025-10-09,1.1100,1.1200,1.0600,1.0800,335200
2025-10-10,1.0800,1.0900,1.0500,1.0600,218900
2025-10-13,1.0700,1.0900,1.0300,1.0500,757100
2025-10-14,1.0500,1.0700,1.0400,1.0600,71000
2025-10-15,1.0400,1.0900,1.0400,1.0900,126200
2025-10-16,1.0900,1.0900,1.0600,1.0700,19500
2025-10-17,1.0700,1.0800,1.0300,1.0400,370500
2025-10-20,1.0600,1.1200,1.0500,1.0800,725700
2025-10-21,1.0600,1.0800,1.0500,1.0600,391500
2025-10-22,1.0600,1.0800,1.0500,1.0800,89100
2025-10-23,1.0700,1.1300,1.0600,1.1300,456100
2025-10-24,1.1300,1.1700,1.0900,1.1300,560700
2025-10-27,1.1300,1.1300,1.1000,1.1300,194500
2025-10-28,1.1200,1.1300,1.1100,1.1200,91400
2025-10-29,1.1200,1.1300,1.1000,1.1000,170500
2025-10-30,1.0900,1.1100,1.0900,1.1100,173700
2025-10-31,1.1100,1.1800,1.1100,1.1500,5207400
2025-11-03,1.1600,1.1700,1.1200,1.1400,252600
2025-11-04,1.1400,1.1400,1.0900,1.1300,1433500
2025-11-05,1.1300,1.1900,1.0900,1.1800,814000
2025-11-06,1.1600,1.1800,1.1200,1.1700,557500
2025-11-07,1.1600,1.1800,1.1200,1.1700,833200
2025-11-10,1.1900,1.1900,1.1300,1.1600,211900
2025-11-11,1.1500,1.1800,1.1400,1.1500,860900
2025-11-12,1.1600,1.1600,1.1100,1.1500,479800
2025-11-13,1.1500,1.1500,1.1200,1.1400,868300
2025-11-14,1.1400,1.1800,1.1200,1.1500,290600
2025-11-17,1.1400,1.1500,1.1200,1.1200,190200
2025-11-18,1.1200,1.1400,1.1100,1.1400,94000
2025-11-19,1.1200,1.1400,1.0300,1.1200,642800
2025-11-21,1.0900,1.1200,1.0900,1.1000,206900
2025-11-24,1.1200,1.1200,1.0700,1.0800,204800
2025-11-25,1.0800,1.1300,1.0800,1.1300,182200
2025-11-26,1.1300,1.1300,1.0600,1.1200,1776600
2025-11-27,1.1000,1.1200,1.0900,1.1000,182000
2025-11-28,1.1100,1.1200,1.0800,1.0800,223200
2025-12-01,1.0900,1.1000,1.0300,1.0800,1054900
2025-12-02,1.0600,1.1000,1.0600,1.1000,380600
2025-12-03,1.0800,1.1100,1.0700,1.1000,348200
2025-12-04,1.1000,1.1200,1.0800,1.0900,390800
2025-12-05,1.0900,1.1000,1.0600,1.0800,282300
2025-12-08,1.0800,1.0800,1.0400,1.0500,2501100
2025-12-09,1.0400,1.0800,1.0300,1.0700,451200
2025-12-10,1.0500,1.0700,1.0500,1.0700,156100
2025-12-11,1.0600,1.0700,1.0500,1.0500,93800
2025-12-12,1.0500,1.0600,1.0000,1.0400,998600
2025-12-15,1.0300,1.0300,0.9900,1.0200,4045600
2025-12-16,1.0200,1.0200,0.9400,1.0000,1230200
2025-12-17,0.9700,1.0000,0.9400,1.0000,1759000
2025-12-18,0.9900,1.0000,0.9700,1.0000,1253100
2025-12-19,0.9800,0.9900,0.9700,0.9900,553000
2025-12-22,0.9800,0.9900,0.9700,0.9800,120700
2025-12-23,0.9900,1.0200,0.9800,1.0000,595600
