symbol,avg_volume,bar_count,min_date,max_date
PETR4,57968488,2723,2015-01-02,2025-12-23
B3SA3,37827941,2723,2015-01-02,2025-12-23
BBDC4,34028210,2722,2015-01-02,2025-12-23
ITSA4,30099225,2723,2015-01-02,2025-12-23
ITUB4,29427999,2723,2015-01-02,2025-12-23
COGN3,26861014,2724,2015-01-02,2025-12-23
BBAS3,24319867,2721,2015-01-02,2025-12-23
ABEV3,22242271,2724,2015-01-02,2025-12-23
VALE3,20476129,2723,2015-01-02,2025-12-23
RAIZ4,17555716,1097,2021-08-05,2025-12-23
USIM5,16597841,2723,2015-01-02,2025-12-23
CMIG4,15993640,2722,2015-01-02,2025-12-23
GOAU4,15384978,2724,2015-01-02,2025-12-23
GGBR4,14766975,2724,2015-01-02,2025-12-23
PETR3,14445828,2724,2015-01-02,2025-12-23
ASAI3,14359451,1205,2021-03-01,2025-12-23
AMBP3,11798770,1360,2020-07-13,2025-12-23
LREN3,10892868,2723,2015-01-02,2025-12-23
MGLU3,10118534,2722,2015-01-02,2025-12-23
CSNA3,9876831,2724,2015-01-02,2025-12-23
RAIL3,9820118,2655,2015-04-02,2025-12-23
PRIO3,9790442,2722,2015-01-02,2025-12-23
VBBR3,9344808,1936,2018-03-14,2025-12-23
PETZ3,9337310,1314,2020-09-15,2025-12-23
CSAN3,8982447,2723,2015-01-02,2025-12-23
CVCB3,8778291,2722,2015-01-02,2025-12-23
PCAR3,8773346,1507,2015-06-30,2025-12-23
UGPA3,8526679,2724,2015-01-02,2025-12-23
LWSA3,8499203,1466,2020-02-06,2025-12-23
CMIN3,8375457,1211,2021-02-22,2025-12-23
WEGE3,7238983,2723,2015-01-02,2025-12-23
EQTL3,7235126,2723,2015-01-02,2025-12-23
RADL3,7204724,2724,2015-01-02,2025-12-23
MBRF3,6966216,2724,2015-01-02,2025-12-23
MRVE3,6920841,2724,2015-01-02,2025-12-23
VAMO3,6914325,1223,2021-02-02,2025-12-23
SUZB3,6537235,2016,2017-11-10,2025-12-23
RENT3,6163274,2724,2015-01-02,2025-12-23
POMO4,6163250,2724,2015-01-02,2025-12-23
BEEF3,5993974,2724,2015-01-02,2025-12-23
AXIA3,5784921,2723,2015-01-02,2025-12-23
BBDC3,5674153,2722,2015-01-02,2025-12-23
TIMS3,5623747,2722,2015-01-02,2025-12-23
BRAV3,5470751,1273,2020-11-12,2025-12-23
GMAT3,5386954,1296,2020-10-13,2025-12-23
ENEV3,5143622,2724,2015-01-02,2025-12-23
RDOR3,4987159,1253,2020-12-15,2025-12-23
CYRE3,4895735,2723,2015-01-02,2025-12-23
HBSA3,4889917,1307,2020-09-25,2025-12-23
BRAP4,4887450,2724,2015-01-02,2025-12-23
BBSE3,4826935,2724,2015-01-02,2025-12-23
AURE3,4326785,938,2022-03-28,2025-12-23
CBAV3,4300911,1110,2021-07-16,2025-12-23
DIRR3,4059770,2724,2015-01-02,2025-12-23
MULT3,3995401,2724,2015-01-02,2025-12-23
ECOR3,3975960,2723,2015-01-02,2025-12-23
AZTE3,3859827,216,2025-02-14,2025-12-23
CEAB3,3684914,1527,2019-11-05,2025-12-23
YDUQ3,3617326,2719,2015-01-02,2025-12-23
SIMH3,3590568,1312,2020-09-18,2025-12-23
CXSE3,3569016,1164,2021-04-30,2025-12-23
TOTS3,3506510,2724,2015-01-02,2025-12-23
ANIM3,3396678,2723,2015-01-02,2025-12-23
QUAL3,3336796,2724,2015-01-02,2025-12-23
ONCO3,3272917,1065,2021-09-21,2025-12-23
LJQQ3,3143474,1339,2020-08-10,2025-12-23
JHSF3,3133289,2724,2015-01-02,2025-12-23
HYPE3,3115609,2723,2015-01-02,2025-12-23
DXCO3,3049814,2724,2015-01-02,2025-12-23
MOVI3,3042157,2132,2017-05-24,2025-12-23
HAPV3,3017019,1905,2018-04-26,2025-12-23
ALOS3,2897084,1590,2019-08-06,2025-12-23
BRKM5,2839021,2724,2015-01-02,2025-12-23
AXIA6,2824797,2723,2015-01-02,2025-12-23
SBSP3,2808563,2724,2015-01-02,2025-12-23
CASH3,2804625,1278,2020-11-09,2025-12-23
SAPR4,2796757,2723,2015-01-02,2025-12-23
SMFT3,2575842,1113,2021-07-14,2025-12-23
INBR32,2551824,820,2022-08-26,2025-12-23
NATU3,2484639,1326,2015-01-02,2025-12-23
RAPT4,2478158,2723,2015-01-02,2025-12-23
SLCE3,2469830,2724,2015-01-02,2025-12-23
MLAS3,2464973,1107,2021-07-22,2025-12-23
CPLE3,2440786,2724,2015-01-02,2025-12-23
BPAN4,2379968,2718,2015-01-02,2025-12-23
BHIA3,2357114,2500,2015-01-07,2025-12-23
VIVT3,2329390,2722,2015-01-02,2025-12-23
GGPS3,2320285,1166,2021-04-28,2025-12-23
LIGT3,2282670,2724,2015-01-02,2025-12-23
RECV3,2267086,1161,2021-05-05,2025-12-23
ALPA4,2226444,2724,2015-01-02,2025-12-23
FLRY3,2173527,2724,2015-01-02,2025-12-23
VIVA3,2157141,1544,2019-10-11,2025-12-23
ESPA3,2132378,1221,2021-02-04,2025-12-23
NEOE3,2076761,1617,2019-07-01,2025-12-23
TEND3,2065701,2147,2017-05-04,2025-12-23
MEAL3,2044845,2724,2015-01-02,2025-12-23
EZTC3,2005474,2724,2015-01-02,2025-12-23
EGIE3,1961586,2724,2015-01-02,2025-12-23
CPFE3,1926010,2724,2015-01-02,2025-12-23
ISAE4,1894111,2723,2015-01-02,2025-12-23
SBFG3,1854980,1667,2019-04-17,2025-12-23
CSMG3,1836765,2724,2015-01-02,2025-12-23
POSI3,1698320,2724,2015-01-02,2025-12-23
PSSA3,1697072,2723,2015-01-02,2025-12-23
CURY3,1634230,1311,2020-09-21,2025-12-23
ODPV3,1631057,2723,2015-01-02,2025-12-23
BRSR6,1569643,2722,2015-01-02,2025-12-23
INTB3,1562320,1219,2021-02-08,2025-12-23
ENJU3,1499216,1277,2020-11-09,2025-12-23
GRND3,1468305,2723,2015-01-02,2025-12-23
EVEN3,1375898,2724,2015-01-02,2025-12-23
OIBR3,1317655,2721,2015-01-02,2025-12-23
AZEV4,1317138,2312,2015-01-02,2025-12-23
CAML3,1313754,2045,2017-09-28,2025-12-23
SMTO3,1291882,2724,2015-01-02,2025-12-23
KLBN4,1285075,2722,2015-01-02,2025-12-23
CMIG3,1245575,2722,2015-01-02,2025-12-23
TTEN3,1218892,1110,2021-07-16,2025-12-23
MYPK3,1218691,2724,2015-01-02,2025-12-23
PGMN3,1184584,1322,2020-09-03,2025-12-23
IGTI3,1153740,1964,2015-06-03,2025-12-23
IRBR3,1118428,2085,2017-07-31,2025-12-23
VVEO3,1087188,1095,2021-08-09,2025-12-23
BMGB4,1082616,1511,2019-11-29,2025-12-23
MILS3,1068369,2724,2015-01-02,2025-12-23
TRIS3,1045816,2567,2015-01-02,2025-12-23
GUAR3,1006333,2723,2015-01-02,2025-12-23
PLPL3,969160,1312,2020-09-18,2025-12-23
WIZC3,964607,2619,2015-06-05,2025-12-23
AZZA3,939763,2724,2015-01-02,2025-12-23
FESA4,931168,2722,2015-01-02,2025-12-23
PTBL3,917102,2721,2015-01-05,2025-12-23
TASA4,897337,2720,2015-01-02,2025-12-23
LAVV3,895899,1322,2020-09-03,2025-12-23
KEPL3,895474,2724,2015-01-02,2025-12-23
HBOR3,890620,2723,2015-01-02,2025-12-23
MDIA3,870121,2724,2015-01-02,2025-12-23
OPCT3,866935,1215,2021-02-12,2025-12-23
ARML3,813923,1102,2021-07-29,2025-12-23
JALL3,793491,1219,2021-02-08,2025-12-23
MTRE3,790401,1463,2020-02-11,2025-12-23
RANI3,783248,2313,2015-01-12,2025-12-23
SEER3,741231,2724,2015-01-02,2025-12-23
XPBR31,707696,1055,2021-10-04,2025-12-23
ETER3,664421,2722,2015-01-02,2025-12-23
TUPY3,658483,2724,2015-01-02,2025-12-23
ITUB3,642402,2723,2015-01-02,2025-12-23
AMAR3,610799,2723,2015-01-02,2025-12-23
ABCB4,604566,2724,2015-01-02,2025-12-23
LUPA3,602405,2700,2015-01-02,2025-12-23
RCSL4,587336,2698,2015-01-02,2025-12-23
VULC3,584110,2612,2015-01-02,2025-12-23
CSED3,575589,1216,2021-02-11,2025-12-23
BMOB3,550903,1216,2021-02-11,2025-12-23
TECN3,536165,2722,2015-01-02,2025-12-23
AMER3,534321,2723,2015-01-02,2025-12-23
SHUL4,530564,2717,2015-01-02,2025-12-23
MATD3,526657,1154,2021-05-13,2025-12-23
JSLG3,515905,1318,2020-09-10,2025-12-23
VLID3,514807,2724,2015-01-02,2025-12-23
TCSA3,514713,2724,2015-01-02,2025-12-23
MELK3,500822,1305,2020-09-29,2025-12-23
MDNE3,472298,1461,2020-02-13,2025-12-23
LPSB3,459038,2720,2015-01-02,2025-12-23
SOJA3,455627,1164,2021-04-30,2025-12-23
ITSA3,455205,2724,2015-01-02,2025-12-23
ORVR3,446734,1214,2021-02-17,2025-12-23
AZEV3,443240,1725,2015-01-15,2025-12-23
ROMI3,437568,2724,2015-01-02,2025-12-23
FIQE3,428333,1102,2021-07-29,2025-12-23
FHER3,424861,2724,2015-01-02,2025-12-23
DASA3,424510,2041,2015-01-02,2025-12-23
LOGG3,387114,1743,2018-12-21,2025-12-23
SYNE3,380363,2282,2015-01-12,2025-12-23
AALR3,373177,2273,2016-10-28,2025-12-23
BLAU3,360299,1172,2021-04-19,2025-12-23
LOGN3,355005,2724,2015-01-02,2025-12-23
VTRU3,345970,388,2024-06-11,2025-12-23
PNVL3,339562,2343,2015-01-02,2025-12-23
LEVE3,337225,2724,2015-01-02,2025-12-23
RCSL3,311659,2320,2015-01-02,2025-12-23
DESK3,309518,1107,2021-07-22,2025-12-23
USIM3,306023,2723,2015-01-02,2025-12-23
KLBN3,301275,2346,2016-06-08,2025-12-23
TGMA3,298889,2724,2015-01-02,2025-12-23
VITT3,296803,1077,2021-09-02,2025-12-23
TFCO4,291559,1287,2020-10-26,2025-12-23
HBRE3,291116,1227,2021-01-26,2025-12-23
POMO3,288051,2723,2015-01-02,2025-12-23
SAPR3,281468,2201,2015-05-21,2025-12-23
AGRO3,268472,2723,2015-01-02,2025-12-23
AERI3,264873,1275,2020-11-12,2025-12-23
PFRM3,261317,2724,2015-01-02,2025-12-23
PRNR3,260537,1459,2020-02-17,2025-12-23
VIVR3,250088,2715,2015-01-02,2025-12-23
PINE4,233281,2720,2015-01-02,2025-12-23
UNIP6,232899,2724,2015-01-02,2025-12-23
DEXP3,222561,2504,2015-01-05,2025-12-23
BRST3,217574,263,2024-12-05,2025-12-23
AMOB3,216281,256,2024-12-16,2025-12-23
TRAD3,214172,1103,2021-07-28,2025-12-23
FRAS3,209477,2659,2015-01-06,2025-12-23
TPIS3,195615,2724,2015-01-02,2025-12-23
PMAM3,189876,2724,2015-01-02,2025-12-23
GGBR3,188724,2724,2015-01-02,2025-12-23
RSID3,186344,2721,2015-01-02,2025-12-23
ALPK3,164700,1396,2020-05-21,2025-12-23
CSUD3,159055,2722,2015-01-02,2025-12-23
TAEE4,146754,2077,2017-05-10,2025-12-23
ALLD3,142900,1177,2021-04-12,2025-12-23
GOAU3,142039,2720,2015-01-02,2025-12-23
DMVF3,139488,1340,2020-08-10,2025-12-23
UCAS3,128093,2722,2015-01-02,2025-12-23
INEP3,120273,2369,2015-01-02,2025-12-23
MNPR3,116419,2500,2015-01-02,2025-12-23
GFSA3,101399,2724,2015-01-02,2025-12-23
