Subject,Tópico Pesquisado,Conceitos-Chave,Fontes Acadêmicas,Achados-Chave,Diferenças BR vs EUA,Error
"Position sizing, risk of ruin, Kelly criterion e gestão de risco por trade em trading quantitativo","Position Sizing, Critério de Kelly, Risco de Ruína e Gestão de Risco por Trade em Trading Quantitativo.","**Position Sizing (Dimensionamento de Posição):** Refere-se à decisão de quanto capital alocar em um único trade ou estratégia. É o principal determinante do risco e retorno de uma estratégia de trading, sendo mais crucial do que a precisão do sinal de entrada em muitos casos [1].

**Critério de Kelly (Kelly Criterion):** Uma fórmula matemática que determina a fração ideal do capital a ser apostada para maximizar o crescimento logarítmico da riqueza a longo prazo. A fórmula básica é $f^* = p/a - q/b$, onde $p$ é a probabilidade de ganho, $q$ a de perda, $a$ o retorno em caso de ganho e $b$ a perda em caso de perda. É conhecido por ser agressivo, levando a grandes *drawdowns* [1].

**Risco de Ruína (Risk of Ruin - RoR):** A probabilidade de um trader ou investidor perder capital suficiente para não poder mais continuar a operar. É uma métrica fundamental de gestão de risco, diretamente influenciada pelo *position sizing* e pela volatilidade dos retornos [3].

**Gestão de Risco por Trade:** O conjunto de regras e limites aplicados a cada operação individual, tipicamente definindo o *stop-loss* e o tamanho da posição para garantir que a perda máxima em um único trade não comprometa significativamente o capital total. É a aplicação prática do *position sizing* para limitar a exposição a eventos adversos.","Scholz, P. (2012). Size matters! How position sizing determines risk and return of technical timing strategies. [https://www.econstor.eu/handle/10419/55526]. Analisa o impacto do dimensionamento de posição em estratégias de timing e sua relação com o Critério de Kelly, sugerindo que frações menores de Kelly oferecem melhor retorno ajustado ao risco.
Wysocki, M. (2025). Sizing the Risk: Kelly, VIX, and Hybrid Approaches in Put-Writing on Index Options. [https://arxiv.org/abs/2508.16598]. Avalia o Critério de Kelly, dimensionamento baseado no VIX e uma abordagem híbrida para dimensionamento de posição em estratégias de venda de opções, focando no controle de *drawdown*.
Vinso, J. D. (1979). A Determination of the Risk of Ruin. [https://www.cambridge.org/core/journals/journal-of-financial-and-quantitative-analysis/article/determination-of-the-risk-of-ruin/714F7E437FF2EDCEE81AADD5129C9C93]. Um artigo seminal que examina o papel da probabilidade de ruína no processo de avaliação e gestão de risco financeiro.
Lazzarini, S. G., & de Mello, P. C. (2001). Governmental versus Self-regulation of Derivative Markets: examining the US and Brazilian Experience. [https://www.sciencedirect.com/science/article/pii/S0148619500000473]. Compara os modelos de regulação de mercados de derivativos nos EUA e no Brasil, com implicações para a gestão de risco e *clearinghouses*.
Chan, E. P. (2021). Quantitative trading: how to build your own algorithmic trading business. [https://books.google.com/books?id=j70yEAAAQBAJ]. Livro de referência em trading quantitativo que aborda a aplicação prática de conceitos como *position sizing* e gestão de risco.","1.  **Position Sizing é o Fator Dominante:** O dimensionamento de posição tem um impacto mais significativo no risco e retorno de uma estratégia de trading do que a precisão do sinal de entrada (timing) [1].
2.  **Kelly Criterion é Agressivo:** Embora teoricamente ideal para maximizar o crescimento de longo prazo, o Critério de Kelly puro é excessivamente agressivo e leva a *drawdowns* inaceitáveis para a maioria dos investidores e fundos [1] [2].
3.  **Meio-Kelly é Mais Prático:** A literatura e a prática sugerem que usar uma fração do Kelly (e.g., *Half-Kelly* ou *Quarter-Kelly*) resulta em retornos ajustados ao risco (Sharpe Ratio) superiores, devido à redução drástica da volatilidade e do *drawdown* [1].
4.  **RoR é uma Métrica Essencial:** O Risco de Ruína (RoR) deve ser a métrica central na gestão de risco, pois quantifica a probabilidade de falha permanente, sendo diretamente controlável pelo *position sizing* [3].
5.  **Sizing Dinâmico (VIX-based):** Abordagens modernas de *position sizing* utilizam indicadores de volatilidade de mercado (como o VIX) para ajustar dinamicamente o tamanho da posição, reduzindo a exposição em regimes de alta incerteza [2].
6.  **O Risco de Ruína é Determinístico:** O RoR pode ser determinado analiticamente em modelos simplificados, mas na prática, é uma função complexa da taxa de ganho, do *payoff* médio e da fração de capital apostada [3].
7.  **Gestão de Risco por Trade Limita o RoR:** Limitar a perda máxima por trade a uma pequena porcentagem do capital total (e.g., 1% a 2%) é a principal ferramenta para controlar o Risco de Ruína em estratégias quantitativas [4].
8.  **Necessidade de Calibração Constante:** Os parâmetros de entrada para o Kelly Criterion (probabilidade de ganho e *payoff* médio) são difíceis de estimar com precisão e mudam constantemente, exigindo calibração e reavaliação contínuas [5].","**Comparação Regulamentar em Gestão de Risco de Derivativos (Contexto para Trading Quantitativo)**

| Aspecto | Brasil (B3/CVM) | Estados Unidos (CFTC/SEC) |
| :--- | :--- | :--- |
| **Modelo Regulatório** | Predominantemente Governamental (CVM, Banco Central) com forte papel da B3 (autorregulação e *clearing*). | Modelo misto com forte ênfase na Autorregulação (Self-Regulatory Organizations - SROs) como FINRA e bolsas (e.g., CME, NYSE). |
| **Gestão de Risco de Crédito** | A B3 atua como contraparte central (*clearinghouse*), centralizando e mitigando o risco de crédito, com regras de margem e garantias rigorosas. | Múltiplas *clearinghouses* (e.g., CME Clearing, OCC) com regras próprias, mas sob supervisão da CFTC/SEC. |
| **Foco Regulatório** | Histórico de intervenções e foco em estabilidade sistêmica, com regulamentações como o FRTB (Fundamental Review of the Trading Book) sendo implementadas para alinhar com padrões globais. | Foco em proteção ao investidor e integridade do mercado, com regulamentações como Dodd-Frank e regras específicas para *High-Frequency Trading* (HFT) e *algorithmic trading*. |
| **Implicação para Quants** | O ambiente regulatório brasileiro, com a B3 como *clearinghouse* única para a maioria dos ativos, simplifica alguns aspectos de gestão de risco de contraparte, mas pode impor maior rigidez em requisitos de capital e margem. | A diversidade de bolsas e *clearinghouses* exige que os *quants* considerem diferentes requisitos de margem e regras de execução para cada mercado. |

**Conclusão:** As diferenças são mais notáveis na estrutura de regulação de mercados de derivativos e na gestão de risco de contraparte (centralizada no Brasil vs. mais distribuída nos EUA), o que impacta indiretamente a gestão de risco de portfólio em trading quantitativo [4]. Não foram encontrados estudos acadêmicos específicos que comparem diretamente a eficácia do *Kelly Criterion* ou *Risk of Ruin* sob as duas jurisdições.",
"Volatility targeting, VaR, CVaR e drawdown control em portfólios de trading","Pesquisa acadêmica aprofundada sobre Volatility Targeting, Value-at-Risk (VaR), Conditional Value-at-Risk (CVaR) e controle de Drawdown (CDaR) em portfólios de trading quantitativo.","**1. Volatility Targeting (VT):**
É uma técnica de gestão de risco que visa manter o risco do portfólio em um nível constante ao longo do tempo. A estratégia ajusta a alocação de capital ou a alavancagem do portfólio inversamente à volatilidade prevista. Em períodos de alta volatilidade, a exposição é reduzida, e em períodos de baixa volatilidade, a exposição é aumentada, resultando em retornos ajustados ao risco (Sharpe Ratio) superiores [3].

**2. Value-at-Risk (VaR):**
Define a perda máxima esperada (em valor monetário) de um portfólio em um horizonte de tempo e nível de confiança específicos (ex: 99% em 1 dia). É a medida de risco mais utilizada para fins regulatórios. Contudo, o VaR é criticado por não ser uma medida de risco ""coerente"", pois não satisfaz a propriedade de subaditividade, e por ignorar a magnitude das perdas que excedem o limite do VaR.

**3. Conditional Value-at-Risk (CVaR) / Expected Shortfall (ES):**
É a média das perdas que excedem o VaR em um determinado nível de confiança. O CVaR é uma medida de risco **coerente** e, crucialmente, é convexa, o que a torna ideal para otimização de portfólio via programação linear [1]. O CVaR oferece uma visão mais completa do risco de cauda (tail risk) do que o VaR, quantificando o ""quão ruim"" as perdas podem ser no pior percentual dos casos.

**4. Drawdown Control (CDaR):**
O Drawdown (MaxDD) é a maior queda percentual de um pico de valor do portfólio até um vale subsequente. O **Conditional Drawdown-at-Risk (CDaR)**, ou Drawdown Condicional em Risco, é uma medida de risco coerente que quantifica a média dos piores drawdowns (perdas de pico a vale) em um determinado nível de confiança [2]. É essencial para gestores que buscam proteger o capital e gerenciar o risco de perdas permanentes.","1. Rockafellar, R. T., & Uryasev, S. (2000). Optimization of Conditional Value-at-Risk. The Journal of Risk, 2(3), 21-41. Link: https://sites.math.washington.edu/~rtr/papers/rtr179-CVaR1.pdf. Descrição: Artigo seminal que introduziu o CVaR como uma medida de risco coerente e demonstrou que sua otimização pode ser resolvida eficientemente via programação linear.
2. Chekhlov, A., Uryasev, S., & Zabarankin, M. (2005). Drawdown Measure in Portfolio Optimization. International Journal of Theoretical and Applied Finance, 8(1), 13-58. Link: https://www.math.columbia.edu/~chekhlov/ChekhlovUryasevZabarankin--03-2004.pdf. Descrição: Apresenta o Conditional Drawdown-at-Risk (CDaR) como uma medida de risco coerente para controlar perdas máximas (drawdowns) em otimização de portfólio.
3. Harvey, C. R., Han, L., & Taylor, E. (2017). The Impact of Volatility Targeting. The Journal of Portfolio Management, 43(5), 113-129. Link: https://people.duke.edu/~charvey/Research/Published_Papers/P135_The_impact_of.pdf. Descrição: Estudo abrangente que investiga o impacto do Volatility Targeting em mais de 60 ativos, mostrando melhorias significativas no Sharpe Ratio.
4. Rickenberg, L. (2020). Tail Risk Targeting: Target VaR and CVaR Strategies. SSRN. Link: https://papers.ssrn.com/sol3/papers.cfm?abstract_id=3444999. Descrição: Propõe estratégias de trading dinâmicas que estendem o Volatility Targeting para focar em níveis predefinidos de risco de cauda medidos por VaR e CVaR.
5. Leote De Carvalho, R., Perchet, R., & Heckel, T. (2016). Predicting the success of volatility targeting strategies: Application to equities and other asset classes. The Journal of Portfolio Management, 42(5), 101-115. Link: https://www.researchgate.net/profile/Raul-Leote-De-Carvalho/publication/272306173_Inter-Temporal_Risk_Parity_A_Constant_Volatility_Framework_for_Equities_and_Other_Asset_Classes/links/5da03e5d92851c6b4bcb7af4/Inter-Temporal-Risk-Parity-A-Constant-Volatility-Framework-for-Equities-and-Other-Asset-Classes.pdf. Descrição: Analisa as condições de mercado sob as quais as estratégias de Volatility Targeting são mais propensas a ter sucesso, como em mercados com alta volatilidade.","1. **Melhoria no Risco-Ajustado:** O Volatility Targeting demonstrou aumentar o Sharpe Ratio de portfólios em diversas classes de ativos, pois a redução da exposição em períodos de alta volatilidade evita grandes perdas [3].
2. **Coerência do CVaR:** O CVaR é preferível ao VaR para otimização de portfólio em trading quantitativo, pois sua convexidade permite a utilização de técnicas de programação linear para encontrar a fronteira eficiente de risco-retorno [1].
3. **Controle de Cauda (Tail Risk):** Estratégias de *Tail Risk Targeting* (VaR/CVaR) são extensões do Volatility Targeting que focam especificamente na gestão do risco de eventos extremos, sendo mais eficazes na proteção contra perdas catastróficas [4].
4. **Gestão de Drawdown:** O controle de Drawdown, especialmente via CDaR, é fundamental para a longevidade de fundos e para atender aos mandatos de investidores, pois o MaxDD é uma métrica crítica de risco percebido e de risco de ruína [2].
5. **Eficácia em Mercados Voláteis:** O Volatility Targeting é particularmente benéfico em mercados com alta volatilidade e previsibilidade de curto prazo, como mercados emergentes ou classes de ativos com alta dispersão de retornos [5].
6. **Implementação Computacional:** A otimização de portfólios baseada em CVaR e CDaR é computacionalmente viável e eficiente, pois ambos podem ser formulados como problemas de programação linear, diferentemente do VaR [1] [2].
7. **Relação entre Medidas:** O CDaR pode ser visto como o CVaR aplicado à série temporal de drawdowns do portfólio, ligando o controle de perdas de cauda ao controle de perdas de pico a vale [2].
8. **Impacto da Alavancagem:** O Volatility Targeting opera implicitamente como uma estratégia de alavancagem dinâmica, onde a alavancagem é reduzida quando o risco é alto e aumentada quando o risco é baixo, mantendo o risco total constante.","A principal diferença reside na **volatilidade inerente** e na **maturidade regulatória** dos mercados.

*   **Volatilidade:** O mercado brasileiro (B3) historicamente apresenta uma volatilidade significativamente maior do que o mercado americano (NYSE/NASDAQ), especialmente devido à volatilidade cambial (BRL/USD) e a fatores macroeconômicos internos. Isso torna as estratégias de **Volatility Targeting** e o uso de medidas de risco robustas (CVaR/CDaR) ainda mais críticas para a gestão de risco no Brasil.
*   **Regulamentação:** Tanto a **SEC** (EUA) quanto a **CVM** (Brasil) utilizam o **VaR** como métrica padrão para requisitos de capital e divulgação de risco. No entanto, a adoção do **CVaR** (Expected Shortfall) como medida de risco preferencial para otimização de portfólio é mais disseminada na prática de fundos de hedge e trading quantitativo nos EUA, seguindo a recomendação acadêmica de coerência de risco. No Brasil, embora o VaR seja o padrão regulatório, o uso de CVaR e CDaR é crescente em gestoras de ponta para controle interno de risco.
*   **Aplicações:** A maior liquidez e diversidade de instrumentos no mercado americano facilitam a implementação de estratégias quantitativas complexas, como o Volatility Targeting em múltiplos ativos e o uso de derivativos para controle de cauda. No Brasil, a menor liquidez em certos segmentos pode limitar a capacidade de ajuste dinâmico de alocação exigido pelo Volatility Targeting.",
"Microestrutura de mercado B3: liquidez, spread, slippage, custos de transação e regras de short selling","Microestrutura de mercado da B3: liquidez, spread, slippage, custos de transação e regras de short selling, com foco em implicações para trading quantitativo.","**1. Microestrutura de Mercado:** Estudo de como os mecanismos de negociação (como o livro de ofertas, tipos de ordens, e regras de mercado) e a composição dos investidores afetam a formação de preços, a liquidez e os custos de transação. É fundamental para o *trading* quantitativo, pois lida com o atrito do mercado em alta frequência [2].

**2. Liquidez e Spread Bid-Ask:** A **liquidez** refere-se à facilidade e rapidez com que um ativo pode ser comprado ou vendido sem afetar significativamente seu preço. O **Spread Bid-Ask** (diferença entre o melhor preço de compra e o melhor preço de venda) é a medida mais comum do custo implícito de liquidez. Um *spread* menor indica maior liquidez e menor custo de transação [3].

**3. Slippage (Escorregamento):** É a diferença entre o preço esperado de uma negociação e o preço real pelo qual a negociação é executada. Ocorre quando há pouca liquidez no nível de preço da ordem ou quando a ordem é grande o suficiente para consumir múltiplos níveis do livro de ofertas. É um custo de transação crítico e não linear para estratégias quantitativas [3].

(Content truncated due to size limit. Use page ranges or line ranges to read remaining content)