,open,high,low,close,adjusted_close,volume,dividend_amount,split_coefficient,ticker
2021-04-19,40.01,41.89,39.5,41.1,37.3512,2430900,0.0,1.0,BLAU3
2021-04-20,41.15,43.48,41.15,42.05,38.2145,1232700,0.0,1.0,BLAU3
2021-04-22,42.33,44.0,41.15,42.0,38.1691,283500,0.0,1.0,BLAU3
2021-04-23,42.0,42.5,40.85,42.5,38.6235,588100,0.0,1.0,BLAU3
2021-04-26,42.56,43.28,41.47,42.0,38.1691,700600,0.0,1.0,BLAU3
2021-04-27,41.83,42.99,40.34,40.5,36.8059,327600,0.0,1.0,BLAU3
2021-04-28,41.0,42.21,40.64,42.0,38.1691,246700,0.0,1.0,BLAU3
2021-04-29,41.5,42.5,40.7,41.87,38.0509,459700,0.0,1.0,BLAU3
2021-04-30,41.79,43.0,41.01,43.0,39.0778,184300,0.0,1.0,BLAU3
2021-05-03,42.36,43.74,42.36,43.25,39.305,189900,0.0,1.0,BLAU3
2021-05-04,42.67,42.94,40.71,42.1,38.2599,217800,0.0,1.0,BLAU3
2021-05-05,42.15,42.48,41.41,41.96,38.1327,258200,0.0,1.0,BLAU3
2021-05-06,41.96,41.96,40.88,41.8,37.9873,260600,0.0,1.0,BLAU3
2021-05-07,42.34,43.0,41.39,43.0,39.0778,365700,0.0,1.0,BLAU3
2021-05-10,43.0,43.44,41.69,42.3,38.4417,510000,0.0,1.0,BLAU3
2021-05-11,42.69,43.3,41.3,42.5,38.6235,584400,0.0,1.0,BLAU3
2021-05-12,42.3,42.93,41.49,41.49,37.7056,199300,0.0,1.0,BLAU3
2021-05-13,41.99,42.06,41.03,41.3,37.5329,248000,0.0,1.0,BLAU3
2021-05-14,41.5,42.49,41.36,42.49,38.6144,206800,0.0,1.0,BLAU3
2021-05-17,41.98,42.44,41.45,41.99,38.16,486800,0.0,1.0,BLAU3
2021-05-18,41.81,41.81,40.86,40.99,37.2512,264400,0.0,1.0,BLAU3
2021-05-19,40.9,41.45,40.16,41.45,37.6692,420400,0.0,1.0,BLAU3
2021-05-20,41.3,41.94,40.83,41.2,37.442,275700,0.0,1.0,BLAU3
2021-05-21,41.79,42.39,40.96,42.39,38.5235,388200,0.0,1.0,BLAU3
2021-05-24,42.08,43.27,41.47,42.87,38.9597,305700,0.0,1.0,BLAU3
2021-05-25,42.35,42.9,41.66,41.72,37.9146,186300,0.0,1.0,BLAU3
2021-05-26,42.4,43.5,42.0,43.5,39.5322,306900,0.0,1.0,BLAU3
2021-05-27,43.75,44.49,43.0,43.4,39.4414,198600,0.0,1.0,BLAU3
2021-05-28,43.88,46.96,43.45,46.3,42.0768,282400,0.0,1.0,BLAU3
2021-05-31,46.39,47.99,45.66,47.99,43.6127,687900,0.0,1.0,BLAU3
2021-06-01,48.06,48.92,46.59,46.8,42.5312,247700,0.0,1.0,BLAU3
2021-06-02,46.55,47.48,46.36,47.35,43.0311,169900,0.0,1.0,BLAU3
2021-06-04,47.81,49.28,47.16,47.99,43.6127,279300,0.0,1.0,BLAU3
2021-06-07,48.07,48.72,47.11,47.16,42.8584,191200,0.0,1.0,BLAU3
2021-06-08,47.27,47.83,46.82,47.7,43.3491,157200,0.0,1.0,BLAU3
2021-06-09,47.4,47.73,46.71,46.71,42.4495,213000,0.0,1.0,BLAU3
2021-06-10,46.77,48.12,46.08,46.08,41.8769,307100,0.0,1.0,BLAU3
2021-06-11,46.35,46.59,45.12,45.12,41.0045,316300,0.0,1.0,BLAU3
2021-06-14,45.76,46.78,45.35,46.68,42.4222,220100,0.0,1.0,BLAU3
2021-06-15,46.5,47.47,45.77,45.89,41.7042,218900,0.0,1.0,BLAU3
2021-06-16,45.89,45.89,44.4,44.4,40.3502,266400,0.0,1.0,BLAU3
2021-06-17,44.4,46.34,44.16,46.0,41.8042,285700,0.0,1.0,BLAU3
2021-06-18,45.9,46.69,44.65,46.04,41.8406,223800,0.0,1.0,BLAU3
2021-06-21,46.31,46.31,44.92,45.63,41.468,103900,0.0,1.0,BLAU3
2021-06-22,45.65,46.5,45.0,46.5,42.2586,195900,0.0,1.0,BLAU3
2021-06-23,46.5,47.46,46.06,47.46,43.131,144100,0.0,1.0,BLAU3
2021-06-24,46.7,49.19,46.7,49.19,44.7032,764800,0.0,1.0,BLAU3
2021-06-25,49.17,49.17,47.23,48.49,44.0671,541800,0.0,1.0,BLAU3
2021-06-28,48.49,48.49,46.73,47.88,43.5127,281000,0.0,1.0,BLAU3
2021-06-29,47.88,48.23,46.92,48.23,43.8308,147400,0.0,1.0,BLAU3
2021-06-30,48.33,49.78,47.59,49.78,45.2394,356800,0.0,1.0,BLAU3
2021-07-01,49.6,49.6,48.17,48.43,44.0126,200400,0.0,1.0,BLAU3
2021-07-02,48.88,50.0,48.72,49.0,44.5306,382300,0.0,1.0,BLAU3
2021-07-05,49.23,49.49,48.62,48.96,44.5119,146800,0.0195,1.0,BLAU3
2021-07-06,48.94,48.96,47.4,48.63,44.2119,158000,0.0,1.0,BLAU3
2021-07-07,48.85,48.98,47.85,48.17,43.7937,259300,0.0,1.0,BLAU3
2021-07-08,47.4,49.0,47.07,49.0,44.5483,220900,0.0,1.0,BLAU3
2021-07-12,49.0,49.34,47.82,48.97,44.521,233200,0.0,1.0,BLAU3
2021-07-13,48.69,49.2,47.92,49.03,44.5756,441400,0.0,1.0,BLAU3
2021-07-14,49.09,51.9,48.66,51.0,46.3666,706800,0.0,1.0,BLAU3
2021-07-15,50.8,52.84,50.8,52.5,47.7303,507600,0.0,1.0,BLAU3
2021-07-16,52.49,53.94,52.06,53.94,49.0395,164000,0.0,1.0,BLAU3
2021-07-19,53.3,54.92,51.7,52.54,47.7667,295800,0.0,1.0,BLAU3
2021-07-20,52.39,53.38,51.5,51.5,46.8212,231900,0.0,1.0,BLAU3
2021-07-21,51.84,52.36,50.61,51.71,47.0121,418400,0.0,1.0,BLAU3
2021-07-22,51.74,52.77,51.61,52.0,47.2758,255700,0.0,1.0,BLAU3
2021-07-23,52.11,52.98,50.28,51.17,46.5212,646100,0.0,1.0,BLAU3
2021-07-26,51.31,51.8,50.08,51.5,46.8212,215500,0.0,1.0,BLAU3
2021-07-27,51.53,52.5,51.26,52.0,47.2758,723300,0.0,1.0,BLAU3
2021-07-28,52.65,52.65,50.39,50.5,45.912,152400,0.0,1.0,BLAU3
2021-07-29,50.67,51.19,49.0,51.19,46.5393,303600,0.0,1.0,BLAU3
2021-07-30,50.93,53.9,48.85,51.5,46.8212,978000,0.0,1.0,BLAU3
2021-08-02,52.35,54.0,48.44,49.5,45.0029,668800,0.0,1.0,BLAU3
2021-08-03,49.5,50.35,47.53,49.76,45.2393,475200,0.0,1.0,BLAU3
2021-08-04,49.69,50.65,49.17,50.3,45.7302,165600,0.0,1.0,BLAU3
2021-08-05,49.94,50.9,49.48,50.9,46.2757,159700,0.0,1.0,BLAU3
2021-08-06,50.56,50.99,49.42,50.99,46.3575,260600,0.0,1.0,BLAU3
2021-08-09,52.0,53.5,51.65,52.0,47.2758,217400,0.0,1.0,BLAU3
2021-08-10,52.49,53.25,50.69,50.69,46.0848,295700,0.0,1.0,BLAU3
2021-08-11,51.22,51.23,49.73,50.3,45.7302,531200,0.0,1.0,BLAU3
2021-08-12,50.27,51.5,49.79,50.74,46.1302,459300,0.0,1.0,BLAU3
2021-08-13,51.0,51.63,49.76,51.63,46.9394,430900,0.0,1.0,BLAU3
2021-08-16,51.1,51.29,48.4,48.4,44.0028,280700,0.0,1.0,BLAU3
2021-08-17,48.12,48.48,46.62,47.0,42.73,414400,0.0,1.0,BLAU3
2021-08-18,47.21,47.67,46.06,47.0,42.73,228400,0.0,1.0,BLAU3
2021-08-19,46.38,48.62,45.76,48.0,43.6392,250500,0.0,1.0,BLAU3
2021-08-20,47.46,50.19,47.34,49.86,45.3302,120900,0.0,1.0,BLAU3
2021-08-23,49.83,50.63,48.64,49.57,45.0665,175900,0.0,1.0,BLAU3
2021-08-24,49.57,50.1,49.46,49.8,45.2756,49500,0.0,1.0,BLAU3
2021-08-25,49.83,49.99,48.95,49.44,44.9483,54400,0.0,1.0,BLAU3
2021-08-26,49.16,49.32,48.27,49.0,44.5483,124400,0.0,1.0,BLAU3
2021-08-27,48.98,51.94,48.0,51.94,47.2212,244900,0.0,1.0,BLAU3
2021-08-30,51.5,51.69,50.66,51.69,46.9939,150500,0.0,1.0,BLAU3
2021-08-31,51.75,51.8,50.12,51.25,46.5939,317200,0.0,1.0,BLAU3
2021-09-01,51.62,53.32,50.33,51.31,46.6484,309300,0.0,1.0,BLAU3
2021-09-02,51.31,52.11,50.45,50.45,45.8666,134800,0.0,1.0,BLAU3
2021-09-03,50.65,50.96,49.0,49.0,44.5483,156100,0.0,1.0,BLAU3
2021-09-06,48.89,50.23,48.18,50.23,45.6666,193100,0.0,1.0,BLAU3
2021-09-08,49.88,50.23,48.7,49.0,44.5483,320000,0.0,1.0,BLAU3
2021-09-09,49.0,50.04,48.41,49.5,45.0029,559400,0.0,1.0,BLAU3
2021-09-10,49.99,52.0,49.46,51.44,46.7666,563500,0.0,1.0,BLAU3
2021-09-13,51.95,53.35,50.41,50.41,45.8302,240800,0.0,1.0,BLAU3
2021-09-14,50.5,51.64,50.04,50.75,46.1393,298900,0.0,1.0,BLAU3
2021-09-15,50.75,50.75,48.66,49.0,44.5483,261000,0.0,1.0,BLAU3
2021-09-16,48.89,49.7,48.3,48.83,44.3938,203100,0.0,1.0,BLAU3
2021-09-17,48.83,49.05,47.56,47.93,43.5755,255300,0.0,1.0,BLAU3
2021-09-20,47.0,47.02,46.09,46.51,42.2845,281700,0.0,1.0,BLAU3
2021-09-21,47.07,47.66,46.59,47.2,42.9118,220400,0.0,1.0,BLAU3
2021-09-22,47.87,47.97,46.62,47.31,43.0118,285700,0.0,1.0,BLAU3
2021-09-23,47.34,47.69,46.61,47.2,43.0081,168900,0.1059,1.0,BLAU3
2021-09-24,46.8,47.69,46.2,46.7,42.5525,418000,0.0,1.0,BLAU3
2021-09-27,46.7,47.3,46.08,46.87,42.7074,171500,0.0,1.0,BLAU3
2021-09-28,46.41,46.68,44.66,45.34,41.3133,242000,0.0,1.0,BLAU3
2021-09-29,45.29,45.62,43.68,43.99,40.0832,836100,0.0,1.0,BLAU3
2021-09-30,43.85,46.33,43.85,45.74,41.6778,650300,0.0,1.0,BLAU3
2021-10-01,45.73,46.12,44.26,44.67,40.7028,219600,0.0,1.0,BLAU3
2021-10-04,44.98,44.98,43.53,44.16,40.2381,389500,0.0,1.0,BLAU3
2021-10-05,44.24,44.35,42.47,42.7,38.9078,362000,0.0,1.0,BLAU3
2021-10-06,42.0,42.66,39.64,41.54,37.8508,1387800,0.0,1.0,BLAU3
2021-10-07,41.73,42.05,41.11,41.23,37.5683,184800,0.0,1.0,BLAU3
2021-10-08,41.99,42.11,40.78,40.95,37.3132,331200,0.0,1.0,BLAU3
2021-10-11,40.93,41.06,39.38,39.88,36.3382,580300,0.0,1.0,BLAU3
2021-10-13,39.84,40.35,37.4,39.75,36.2198,1236500,0.0,1.0,BLAU3
2021-10-14,39.88,40.5,39.16,39.16,35.6822,398500,0.0,1.0,BLAU3
2021-10-15,39.55,40.04,38.66,39.44,35.9373,137100,0.0,1.0,BLAU3
2021-10-18,39.13,39.18,38.07,38.4,34.9897,236600,0.0,1.0,BLAU3
2021-10-19,38.0,38.02,37.0,37.32,34.0056,321500,0.0,1.0,BLAU3
2021-10-20,37.33,37.93,36.26,36.26,33.0397,285800,0.0,1.0,BLAU3
2021-10-21,35.65,36.49,34.9,34.96,31.8552,652100,0.0,1.0,BLAU3
2021-10-22,34.6,35.29,31.76,33.3,30.3426,1957500,0.0,1.0,BLAU3
2021-10-25,34.0,37.05,33.91,36.74,33.4771,1167800,0.0,1.0,BLAU3
2021-10-26,36.5,37.55,36.3,37.1,33.8051,384900,0.0,1.0,BLAU3
2021-10-27,37.3,37.46,36.4,37.46,34.1331,288000,0.0,1.0,BLAU3
2021-10-28,37.29,37.3,36.13,37.05,33.7596,374700,0.0,1.0,BLAU3
2021-10-29,37.2,38.4,36.72,37.8,34.443,348600,0.0,1.0,BLAU3
2021-11-01,38.5,38.5,36.16,37.88,34.5158,379000,0.0,1.0,BLAU3
2021-11-03,37.64,38.99,37.03,38.3,34.8985,326300,0.0,1.0,BLAU3
2021-11-04,37.7,37.74,35.61,35.99,32.7937,555300,0.0,1.0,BLAU3
2021-11-05,36.0,36.8,34.96,35.96,32.7664,236000,0.0,1.0,BLAU3
2021-11-08,35.53,37.5,35.45,37.5,34.1696,306200,0.0,1.0,BLAU3
2021-11-09,37.5,37.5,35.85,37.0,33.714,533800,0.0,1.0,BLAU3
2021-11-10,37.25,38.65,36.62,38.14,34.7528,292300,0.0,1.0,BLAU3
2021-11-11,38.16,39.2,38.16,38.59,35.1628,303400,0.0,1.0,BLAU3
2021-11-12,39.05,39.19,37.9,38.62,35.1901,316600,0.0,1.0,BLAU3
2021-11-16,38.98,38.98,37.1,37.5,34.1696,119800,0.0,1.0,BLAU3
2021-11-17,37.76,37.76,35.64,35.89,32.7026,194500,0.0,1.0,BLAU3
2021-11-18,36.46,36.84,35.83,36.68,33.4224,136500,0.0,1.0,BLAU3
2021-11-19,36.8,38.7,36.71,38.13,34.7436,262300,0.0,1.0,BLAU3
2021-11-22,38.35,39.7,38.03,38.6,35.1719,424400,0.0,1.0,BLAU3
2021-11-23,38.75,38.85,37.6,38.04,34.6616,234400,0.0,1.0,BLAU3
2021-11-24,37.51,38.54,36.2,36.2,32.985,353000,0.0,1.0,BLAU3
2021-11-25,36.36,37.69,35.46,37.16,33.8598,153000,0.0,1.0,BLAU3
2021-11-26,36.23,37.79,35.51,35.51,32.3563,502300,0.0,1.0,BLAU3
2021-11-29,35.64,36.88,35.38,36.68,33.4224,700700,0.0,1.0,BLAU3
2021-11-30,35.95,37.14,33.7,33.7,30.7071,1066300,0.0,1.0,BLAU3
2021-12-01,34.25,34.53,32.43,33.3,30.3426,586400,0.0,1.0,BLAU3
2021-12-02,33.91,34.39,32.76,33.51,30.534,393900,0.0,1.0,BLAU3
2021-12-03,33.51,36.99,33.51,36.22,33.1246,1032000,0.1227,1.0,BLAU3
2021-12-06,36.08,36.44,34.68,35.8,32.7405,505600,0.0,1.0,BLAU3
2021-12-07,36.23,36.68,35.43,35.6,32.5576,283300,0.0,1.0,BLAU3
2021-12-08,35.72,39.05,35.72,38.95,35.6213,1115900,0.0,1.0,BLAU3
2021-12-09,38.56,38.95,37.75,37.75,34.5238,274000,0.0,1.0,BLAU3
2021-12-10,38.37,39.22,37.76,38.9,35.5755,148600,0.0,1.0,BLAU3
2021-12-13,39.21,39.75,38.07,38.07,34.8165,231600,0.0,1.0,BLAU3
2021-12-14,38.07,38.75,36.64,36.9,33.7465,203400,0.0,1.0,BLAU3
2021-12-15,37.02,37.15,34.63,35.71,32.6582,467800,0.0,1.0,BLAU3
2021-12-16,36.49,36.75,35.41,35.71,32.6582,341300,0.0,1.0,BLAU3
2021-12-17,35.71,37.33,35.04,36.95,33.7922,1570200,0.0,1.0,BLAU3
2021-12-20,36.95,37.2,36.11,36.72,33.5819,254500,0.0,1.0,BLAU3
2021-12-21,36.72,36.79,35.31,35.9,32.8319,279300,0.0,1.0,BLAU3
2021-12-22,35.63,36.19,34.76,35.01,32.018,139100,0.0,1.0,BLAU3
2021-12-23,34.76,35.46,34.5,35.24,32.2283,233300,0.0,1.0,BLAU3
2021-12-27,35.6,36.25,35.25,35.69,32.6399,118200,0.0,1.0,BLAU3
2021-12-28,35.8,35.8,34.92,35.4,32.3747,70500,0.0,1.0,BLAU3
2021-12-29,35.4,35.56,33.49,33.49,30.6279,303700,0.0,1.0,BLAU3
2021-12-30,34.64,36.68,33.76,36.4,33.2892,959100,0.0,1.0,BLAU3
2022-01-03,36.4,36.49,32.8,33.29,30.445,741300,0.0,1.0,BLAU3
2022-01-04,33.5,33.5,31.39,31.61,28.9086,311700,0.0,1.0,BLAU3
2022-01-05,31.61,32.37,30.17,31.14,28.4787,383600,0.0,1.0,BLAU3
2022-01-06,31.14,32.0,30.33,31.02,28.369,227200,0.0,1.0,BLAU3
2022-01-07,30.85,31.51,30.18,31.3,28.6251,280100,0.0,1.0,BLAU3
2022-01-10,30.84,30.84,29.41,30.14,27.5642,258200,0.0,1.0,BLAU3
2022-01-11,29.76,31.31,29.52,31.31,28.6342,123200,0.0,1.0,BLAU3
2022-01-12,31.0,32.25,31.0,32.14,29.3933,170700,0.0,1.0,BLAU3
2022-01-13,31.81,31.98,31.15,31.54,28.8445,180200,0.0,1.0,BLAU3
2022-01-14,31.01,31.52,30.45,31.25,28.5793,205400,0.0,1.0,BLAU3
2022-01-17,31.25,32.16,30.74,31.54,28.8445,128200,0.0,1.0,BLAU3
2022-01-18,31.5,31.63,30.51,30.89,28.2501,260400,0.0,1.0,BLAU3
2022-01-19,31.27,32.62,31.09,32.25,29.4939,385200,0.0,1.0,BLAU3
2022-01-20,32.51,33.11,31.7,32.54,29.7591,169600,0.0,1.0,BLAU3
2022-01-21,32.02,33.39,31.88,33.03,30.2072,393900,0.0,1.0,BLAU3
2022-01-24,32.88,33.37,31.59,32.8,29.9969,287300,0.0,1.0,BLAU3
2022-01-25,32.58,33.58,32.47,33.3,30.4541,237900,0.0,1.0,BLAU3
2022-01-26,33.6,34.99,33.54,34.0,31.0943,229700,0.0,1.0,BLAU3
2022-01-27,34.01,34.99,34.0,34.55,31.5973,348500,0.0,1.0,BLAU3
2022-01-28,34.42,35.73,34.2,35.3,32.2832,555800,0.0,1.0,BLAU3
2022-01-31,35.3,37.25,34.89,36.98,33.8196,394300,0.0,1.0,BLAU3
2022-02-01,37.19,37.4,35.54,36.3,33.1977,209600,0.0,1.0,BLAU3
2022-02-02,36.3,36.47,35.12,35.5,32.4661,146000,0.0,1.0,BLAU3
2022-02-03,35.77,35.88,33.68,33.68,30.8017,198300,0.0,1.0,BLAU3
2022-02-04,34.48,34.48,31.75,32.19,29.439,346900,0.0,1.0,BLAU3
2022-02-07,32.48,32.77,31.81,32.18,29.4298,229600,0.0,1.0,BLAU3
2022-02-08,32.0,32.63,31.59,32.0,29.2652,145500,0.0,1.0,BLAU3
2022-02-09,32.19,32.63,31.8,32.1,29.3567,299400,0.0,1.0,BLAU3
2022-02-10,32.2,32.5,31.09,32.5,29.7225,728500,0.0,1.0,BLAU3
2022-02-11,32.21,32.52,31.25,31.55,28.8537,357800,0.0,1.0,BLAU3
2022-02-14,31.61,32.81,31.39,32.33,29.567,493800,0.0,1.0,BLAU3
2022-02-15,32.47,34.39,32.47,33.65,30.7742,273500,0.0,1.0,BLAU3
2022-02-16,33.67,34.04,33.25,33.9,31.0029,127300,0.0,1.0,BLAU3
2022-02-17,33.85,33.9,33.08,33.2,30.3627,55900,0.0,1.0,BLAU3
2022-02-18,33.3,34.7,32.71,33.44,30.5822,454600,0.0,1.0,BLAU3
2022-02-21,33.64,33.79,32.53,32.75,29.9511,108300,0.0,1.0,BLAU3
2022-02-22,33.0,33.0,31.2,31.52,28.8263,249400,0.0,1.0,BLAU3
2022-02-23,31.7,31.84,30.98,31.5,28.808,181100,0.0,1.0,BLAU3
2022-02-24,31.0,31.63,29.97,31.19,28.5245,193500,0.0,1.0,BLAU3
2022-02-25,31.15,31.58,29.51,29.88,27.3264,168400,0.0,1.0,BLAU3
2022-03-02,30.24,30.24,28.65,29.18,26.6862,264100,0.0,1.0,BLAU3
2022-03-03,29.23,29.88,29.0,29.0,26.5216,175400,0.0,1.0,BLAU3
2022-03-04,29.84,29.84,27.63,27.78,25.4059,255900,0.0,1.0,BLAU3
2022-03-07,27.6,27.6,26.4,26.87,24.5736,376600,0.0,1.0,BLAU3
2022-03-08,27.36,27.36,25.94,26.8,24.5096,218200,0.0,1.0,BLAU3
2022-03-09,27.22,27.88,26.5,27.58,25.223,504200,0.0,1.0,BLAU3
2022-03-10,27.5,28.04,26.69,27.26,24.9303,439000,0.0,1.0,BLAU3
2022-03-11,27.72,27.73,26.07,26.36,24.1072,133600,0.0,1.0,BLAU3
2022-03-14,26.61,26.7,25.96,26.44,24.1804,90600,0.0,1.0,BLAU3
2022-03-15,26.32,26.52,25.55,25.55,23.3665,255900,0.0,1.0,BLAU3
2022-03-16,25.34,26.58,25.34,25.97,23.7506,117800,0.0,1.0,BLAU3
2022-03-17,25.98,27.0,25.4,27.0,24.6925,224800,0.0,1.0,BLAU3
2022-03-18,27.0,28.49,26.6,28.49,26.0552,197900,0.0,1.0,BLAU3
2022-03-21,28.5,28.5,26.75,26.88,24.5828,544300,0.0,1.0,BLAU3
2022-03-22,27.25,28.65,27.25,28.5,26.0643,287500,0.0,1.0,BLAU3
2022-03-23,28.84,28.84,27.96,28.41,25.982,75000,0.0,1.0,BLAU3
2022-03-24,27.97,28.43,27.69,28.0,25.7937,563200,0.2056,1.0,BLAU3
2022-03-25,28.0,28.81,27.93,27.93,25.7292,173300,0.0,1.0,BLAU3
2022-03-28,28.16,28.39,26.85,28.0,25.7937,146600,0.0,1.0,BLAU3
2022-03-29,28.5,29.39,28.1,29.05,26.761,279600,0.0,1.0,BLAU3
2022-03-30,29.12,30.43,28.56,28.9,26.6228,235900,0.0,1.0,BLAU3
2022-03-31,28.55,29.18,28.29,28.69,26.4294,466000,0.0,1.0,BLAU3
2022-04-01,29.03,30.53,28.61,28.99,26.7057,428300,0.0,1.0,BLAU3
2022-04-04,29.45,30.5,29.28,30.5,28.0967,285300,0.0,1.0,BLAU3
2022-04-05,30.69,30.69,28.86,29.6,27.2677,273700,0.0,1.0,BLAU3
2022-04-06,29.45,30.14,28.96,30.14,27.7651,205200,0.0,1.0,BLAU3
2022-04-07,29.9,30.07,29.25,29.59,27.3848,97100,0.1391,1.0,BLAU3
2022-04-08,29.47,29.47,27.53,27.91,25.83,399600,0.0,1.0,BLAU3
2022-04-11,27.79,27.79,26.84,27.05,25.0341,172000,0.0,1.0,BLAU3
2022-04-12,26.9,28.05,26.9,28.05,25.9596,330000,0.0,1.0,BLAU3
2022-04-13,28.03,28.72,27.5,28.72,26.5797,179400,0.0,1.0,BLAU3
2022-04-14,28.29,28.39,27.55,28.04,25.9504,107500,0.0,1.0,BLAU3
2022-04-18,27.78,27.94,26.84,27.56,25.5061,171300,0.0,1.0,BLAU3
2022-04-19,27.65,28.42,27.1,28.3,26.191,121100,0.0,1.0,BLAU3
2022-04-20,28.29,28.29,27.02,27.2,25.173,153600,0.0,1.0,BLAU3
2022-04-22,27.13,27.13,25.94,26.12,24.1734,446100,0.0,1.0,BLAU3
2022-04-25,26.1,26.66,25.43,26.05,24.1087,189400,0.0,1.0,BLAU3
2022-04-26,26.0,26.38,25.27,25.5,23.5996,117500,0.0,1.0,BLAU3
2022-04-27,25.6,25.84,25.0,25.28,23.396,135100,0.0,1.0,BLAU3
2022-04-28,25.3,25.33,24.33,25.11,23.2387,222800,0.0,1.0,BLAU3
2022-04-29,25.5,25.76,24.72,24.9,23.0444,157100,0.0,1.0,BLAU3
2022-05-02,24.79,24.79,23.85,24.35,22.5353,147200,0.0,1.0,BLAU3
2022-05-03,24.5,24.5,23.65,23.73,21.9616,128800,0.0,1.0,BLAU3
2022-05-04,23.77,23.77,22.4,23.0,21.286,585300,0.0,1.0,BLAU3
2022-05-05,22.88,23.46,22.65,23.29,21.5543,258000,0.0,1.0,BLAU3
2022-05-06,23.21,23.21,22.39,22.66,20.9713,218100,0.0,1.0,BLAU3
2022-05-09,22.39,22.73,21.8,21.85,20.2217,194700,0.0,1.0,BLAU3
2022-05-10,22.0,22.68,21.55,22.2,20.5456,891000,0.0,1.0,BLAU3
2022-05-11,22.19,22.53,21.77,22.1,20.453,1708500,0.0,1.0,BLAU3
2022-05-12,22.08,22.8,21.75,22.4,20.7307,369600,0.0,1.0,BLAU3
2022-05-13,22.4,23.35,22.3,23.31,21.5729,702900,0.0,1.0,BLAU3
2022-05-16,23.25,23.75,23.25,23.45,21.7024,207500,0.0,1.0,BLAU3
2022-05-17,23.67,24.08,23.46,23.95,22.1652,196600,0.0,1.0,BLAU3
2022-05-18,23.95,24.1,23.01,23.33,21.5914,160300,0.0,1.0,BLAU3
2022-05-19,23.32,23.55,22.87,23.0,21.286,161700,0.0,1.0,BLAU3
2022-05-20,23.31,23.71,23.13,23.5,21.7487,189300,0.0,1.0,BLAU3
2022-05-23,23.67,24.17,23.5,24.0,22.2114,871300,0.0,1.0,BLAU3
2022-05-24,23.91,23.91,23.0,23.4,21.6561,184200,0.0,1.0,BLAU3
2022-05-25,23.01,24.18,22.99,23.75,21.9801,181500,0.0,1.0,BLAU3
2022-05-26,23.74,24.29,23.74,23.89,22.1096,792300,0.0,1.0,BLAU3
2022-05-27,24.03,24.89,23.76,24.7,22.8593,230200,0.0,1.0,BLAU3
2022-05-30,24.72,25.08,24.03,24.6,22.7667,86700,0.0,1.0,BLAU3
2022-05-31,24.72,24.74,23.5,23.82,22.0448,151700,0.0,1.0,BLAU3
2022-06-01,25.1,25.32,24.45,24.82,22.9703,723100,0.0,1.0,BLAU3
2022-06-02,24.9,25.0,24.06,24.22,22.415,731200,0.0,1.0,BLAU3
2022-06-03,24.41,24.41,23.43,23.85,22.0726,164500,0.0,1.0,BLAU3
2022-06-06,23.92,24.12,23.23,23.8,22.0263,374400,0.0,1.0,BLAU3
2022-06-07,23.7,24.53,23.0,24.53,22.7019,397100,0.0,1.0,BLAU3
2022-06-08,24.28,24.68,23.99,24.3,22.4891,1596900,0.0,1.0,BLAU3
2022-06-09,24.18,25.81,24.18,25.44,23.5441,379900,0.0,1.0,BLAU3
2022-06-10,25.17,26.1,24.89,25.94,24.0069,322900,0.0,1.0,BLAU3
2022-06-13,25.52,25.68,24.32,24.6,22.7667,169200,0.0,1.0,BLAU3
2022-06-14,24.61,25.27,24.05,24.6,22.7667,403800,0.0,1.0,BLAU3
2022-06-15,25.37,25.48,24.65,25.0,23.1369,210800,0.0,1.0,BLAU3
2022-06-17,24.59,25.64,24.44,25.47,23.5719,261200,0.0,1.0,BLAU3
2022-06-20,25.46,25.7,24.54,24.88,23.0258,229000,0.0,1.0,BLAU3
2022-06-21,25.11,25.11,24.26,24.79,22.9426,241300,0.0,1.0,BLAU3
2022-06-22,24.6,25.21,24.51,24.62,22.7852,363000,0.0,1.0,BLAU3
2022-06-23,24.75,24.92,24.47,24.48,22.6557,105600,0.0,1.0,BLAU3
2022-06-24,24.75,24.83,23.6,24.14,22.341,371900,0.0,1.0,BLAU3
2022-06-27,24.3,24.3,23.65,24.0,22.2114,196500,0.0,1.0,BLAU3
2022-06-28,24.02,24.36,23.3,24.0,22.2114,625800,0.0,1.0,BLAU3
2022-06-29,24.0,24.3,23.35,23.86,22.0819,300200,0.0,1.0,BLAU3
2022-06-30,23.67,25.06,23.4,25.06,23.1924,390300,0.0,1.0,BLAU3
2022-07-01,24.64,25.58,24.45,25.49,23.5904,740300,0.0,1.0,BLAU3
2022-07-04,25.27,26.1,25.05,25.83,23.9051,541000,0.0,1.0,BLAU3
2022-07-05,25.96,26.28,25.24,26.26,24.303,337400,0.0,1.0,BLAU3
2022-07-06,26.2,27.69,26.13,26.85,24.849,432400,0.0,1.0,BLAU3
2022-07-07,27.13,27.19,26.12,27.1,25.2311,442900,0.1603,1.0,BLAU3
2022-07-08,26.84,27.15,26.0,26.66,24.8214,849700,0.0,1.0,BLAU3
2022-07-11,26.36,26.52,25.37,26.22,24.4118,452300,0.0,1.0,BLAU3
2022-07-12,26.09,26.84,25.7,26.5,24.6724,358100,0.0,1.0,BLAU3
2022-07-13,26.34,27.38,26.15,27.21,25.3335,497600,0.0,1.0,BLAU3
2022-07-14,26.87,27.28,26.27,26.65,24.8121,1139000,0.0,1.0,BLAU3
2022-07-15,26.63,26.63,25.7,26.3,24.4862,534600,0.0,1.0,BLAU3
2022-07-18,26.32,26.38,25.53,25.66,23.8904,302300,0.0,1.0,BLAU3
2022-07-19,25.73,25.78,24.23,24.5,22.8104,773600,0.0,1.0,BLAU3
2022-07-20,24.41,24.95,24.09,24.6,22.9035,331400,0.0,1.0,BLAU3
2022-07-21,24.48,25.04,24.1,24.79,23.0804,291900,0.0,1.0,BLAU3
2022-07-22,24.97,25.03,23.67,23.99,22.3355,335000,0.0,1.0,BLAU3
2022-07-25,24.11,24.7,23.67,24.7,22.9966,424200,0.0,1.0,BLAU3
2022-07-26,24.68,24.68,23.52,24.19,22.5218,321700,0.0,1.0,BLAU3
2022-07-27,24.24,25.16,24.15,25.0,23.2759,372900,0.0,1.0,BLAU3
2022-07-28,25.01,27.15,25.01,26.81,24.9611,647700,0.0,1.0,BLAU3
2022-07-29,27.2,28.07,26.43,28.07,26.1342,536700,0.0,1.0,BLAU3
2022-08-01,27.17,28.86,27.05,28.35,26.3949,958900,0.0,1.0,BLAU3
2022-08-02,28.72,29.63,27.53,29.32,27.298,1503100,0.0,1.0,BLAU3
2022-08-03,29.32,30.41,29.27,29.53,27.4935,830800,0.0,1.0,BLAU3
2022-08-04,29.78,30.69,29.46,29.86,27.8007,877200,0.0,1.0,BLAU3
2022-08-05,29.88,30.28,29.26,29.74,27.689,303700,0.0,1.0,BLAU3
2022-08-08,29.91,31.05,29.62,30.3,28.2104,642900,0.0,1.0,BLAU3
2022-08-09,30.49,30.49,29.43,29.6,27.5587,346300,0.0,1.0,BLAU3
2022-08-10,30.0,30.64,29.83,30.0,27.9311,678000,0.0,1.0,BLAU3
2022-08-11,30.06,30.39,28.85,29.19,27.1769,293400,0.0,1.0,BLAU3
2022-08-12,29.22,29.83,29.0,29.39,27.3631,541500,0.0,1.0,BLAU3
2022-08-15,29.1,29.5,28.58,29.43,27.4004,2490700,0.0,1.0,BLAU3
2022-08-16,29.52,29.96,28.94,29.81,27.7542,347400,0.0,1.0,BLAU3
2022-08-17,29.65,30.54,29.23,30.38,28.2849,1112600,0.0,1.0,BLAU3
2022-08-18,30.48,31.45,30.48,31.25,29.0949,498500,0.0,1.0,BLAU3
2022-08-19,31.33,31.78,30.77,31.75,29.5604,352800,0.0,1.0,BLAU3
2022-08-22,31.64,31.78,30.52,30.52,28.4152,270100,0.0,1.0,BLAU3
2022-08-23,30.73,31.04,30.36,31.03,28.89,140300,0.0,1.0,BLAU3
2022-08-24,31.1,32.02,30.93,31.75,29.5604,414700,0.0,1.0,BLAU3
2022-08-25,32.0,32.18,31.4,32.0,29.7931,131700,0.0,1.0,BLAU3
2022-08-26,32.15,32.15,31.18,31.3,29.1414,189200,0.0,1.0,BLAU3
2022-08-29,31.21,32.08,31.08,31.84,29.6442,172000,0.0,1.0,BLAU3
2022-08-30,31.96,32.09,31.28,31.42,29.2531,406600,0.0,1.0,BLAU3
2022-08-31,31.46,32.3,31.38,31.84,29.6442,173800,0.0,1.0,BLAU3
2022-09-01,32.57,32.97,31.77,31.98,29.7745,733700,0.0,1.0,BLAU3
2022-09-02,32.45,33.0,31.63,32.26,30.0352,247400,0.0,1.0,BLAU3
2022-09-05,32.47,33.78,31.78,33.48,31.1711,153900,0.0,1.0,BLAU3
2022-09-06,33.16,34.09,32.62,32.98,30.7056,317000,0.0,1.0,BLAU3
2022-09-08,33.1,33.15,32.31,32.99,30.7149,273500,0.0,1.0,BLAU3
2022-09-09,33.21,33.78,32.89,33.23,30.9383,161600,0.0,1.0,BLAU3
2022-09-12,33.56,33.92,32.98,33.42,31.1152,97500,0.0,1.0,BLAU3
2022-09-13,33.41,33.58,31.86,32.32,30.0911,1638700,0.0,1.0,BLAU3
2022-09-14,32.37,33.34,31.94,32.2,29.9794,469300,0.0,1.0,BLAU3
2022-09-15,32.2,32.22,30.64,30.94,28.8062,446500,0.0,1.0,BLAU3
2022-09-16,30.91,30.91,30.18,30.68,28.5642,160400,0.0,1.0,BLAU3
2022-09-19,30.72,31.07,29.86,31.01,28.8714,320000,0.0,1.0,BLAU3
2022-09-20,31.01,31.18,30.38,30.38,28.2849,130300,0.0,1.0,BLAU3
2022-09-21,29.9,31.28,29.9,31.17,29.0204,393800,0.0,1.0,BLAU3
2022-09-22,31.47,32.36,30.51,32.15,29.9328,403800,0.0,1.0,BLAU3
2022-09-23,32.13,33.0,31.74,33.0,30.7242,262400,0.0,1.0,BLAU3
2022-09-26,33.01,33.01,32.01,32.3,30.2265,213300,0.1681,1.0,BLAU3
2022-09-27,32.29,32.55,31.3,32.0,29.9457,562200,0.0,1.0,BLAU3
2022-09-28,32.16,32.68,31.49,31.84,29.796,121200,0.0,1.0,BLAU3
2022-09-29,31.5,31.6,30.57,30.82,28.8415,165600,0.0,1.0,BLAU3
2022-09-30,30.79,32.61,29.9,32.61,30.5166,236600,0.0,1.0,BLAU3
2022-10-03,32.13,33.4,30.66,32.0,29.9457,1787000,0.0,1.0,BLAU3
2022-10-04,32.31,33.68,32.31,32.71,30.6101,279800,0.0,1.0,BLAU3
2022-10-05,32.86,34.37,32.55,33.36,31.2184,262100,0.0,1.0,BLAU3
2022-10-06,33.45,33.58,31.65,31.9,29.8521,459600,0.0,1.0,BLAU3
2022-10-07,31.9,32.84,31.15,31.44,29.4217,403900,0.0,1.0,BLAU3
2022-10-10,31.56,32.88,31.07,32.88,30.7692,248400,0.0,1.0,BLAU3
2022-10-11,32.78,33.03,31.87,32.0,29.9457,245800,0.0,1.0,BLAU3
2022-10-13,31.65,32.58,31.33,32.29,30.2171,289600,0.0,1.0,BLAU3
2022-10-14,32.45,32.46,31.82,32.0,29.9457,285800,0.0,1.0,BLAU3
2022-10-17,32.03,32.24,31.51,31.68,29.6463,731400,0.0,1.0,BLAU3
2022-10-18,31.65,31.7,30.12,31.15,29.1503,739600,0.0,1.0,BLAU3
2022-10-19,31.36,31.58,30.4,30.7,28.7292,399700,0.0,1.0,BLAU3
2022-10-20,30.85,31.18,30.3,30.98,28.9912,376700,0.0,1.0,BLAU3
2022-10-21,30.97,31.51,30.37,30.95,28.9631,462800,0.0,1.0,BLAU3
2022-10-24,30.57,31.25,30.5,30.5,28.542,158700,0.0,1.0,BLAU3
2022-10-25,30.5,31.6,30.45,30.65,28.6824,345600,0.0,1.0,BLAU3
2022-10-26,30.5,32.85,30.45,32.35,30.2733,643500,0.0,1.0,BLAU3
2022-10-27,32.58,33.28,31.64,31.98,29.927,369000,0.0,1.0,BLAU3
2022-10-28,31.74,32.58,31.64,32.45,30.3668,137300,0.0,1.0,BLAU3
2022-10-31,32.11,33.98,32.08,33.83,31.6582,237600,0.0,1.0,BLAU3
2022-11-01,35.58,35.58,33.04,34.16,31.9671,272500,0.0,1.0,BLAU3
2022-11-03,34.26,35.0,33.58,33.87,31.6957,568800,0.0,1.0,BLAU3
2022-11-04,34.42,35.09,32.33,33.15,31.0219,432800,0.0,1.0,BLAU3
2022-11-07,32.99,33.65,32.58,33.21,31.078,256300,0.0,1.0,BLAU3
2022-11-08,33.0,34.18,32.75,33.82,31.6489,151800,0.0,1.0,BLAU3
2022-11-09,33.82,34.2,32.19,32.19,30.1235,493900,0.0,1.0,BLAU3
2022-11-10,32.0,32.21,30.53,30.79,28.8134,902700,0.0,1.0,BLAU3
2022-11-11,30.8,31.31,29.75,30.3,28.3549,437800,0.0,1.0,BLAU3
2022-11-14,30.64,31.28,30.04,31.04,29.0474,241500,0.0,1.0,BLAU3
2022-11-16,31.04,31.18,28.56,29.06,27.1945,458500,0.0,1.0,BLAU3
2022-11-17,28.92,28.92,27.55,28.62,26.7827,481600,0.0,1.0,BLAU3
2022-11-18,29.07,29.82,28.81,29.0,27.1383,178000,0.0,1.0,BLAU3
2022-11-21,29.24,29.28,28.51,28.65,26.8108,187500,0.0,1.0,BLAU3
2022-11-22,28.65,28.78,28.0,28.0,26.2025,222900,0.0,1.0,BLAU3
2022-11-23,28.15,28.38,27.57,28.3,26.4832,559100,0.0,1.0,BLAU3
2022-11-24,28.8,29.86,28.38,29.17,27.2974,119800,0.0,1.0,BLAU3
2022-11-25,29.38,29.4,28.34,28.65,26.8108,112800,0.0,1.0,BLAU3
2022-11-28,28.58,28.98,27.98,28.23,26.4177,170000,0.0,1.0,BLAU3
2022-11-29,28.26,29.48,28.2,28.85,26.9979,130300,0.0,1.0,BLAU3
2022-11-30,28.81,29.48,28.36,29.48,27.5875,743900,0.0,1.0,BLAU3
2022-12-01,29.0,29.02,27.98,27.98,26.1838,264100,0.0,1.0,BLAU3
2022-12-02,28.13,29.19,27.94,29.07,27.2038,105100,0.0,1.0,BLAU3
2022-12-05,29.1,29.1,28.09,28.19,26.3803,92000,0.0,1.0,BLAU3
2022-12-06,28.48,28.48,27.19,27.4,25.641,343700,0.0,1.0,BLAU3
2022-12-07,27.28,27.98,27.13,27.31,25.5568,261700,0.0,1.0,BLAU3
2022-12-08,27.21,27.35,26.44,26.47,24.7707,193200,0.0,1.0,BLAU3
2022-12-09,26.36,26.51,25.2,25.23,23.6103,270900,0.0,1.0,BLAU3
2022-12-12,25.23,25.51,24.95,25.26,23.6384,272700,0.0,1.0,BLAU3
2022-12-13,25.28,26.22,24.61,24.75,23.1611,252000,0.0,1.0,BLAU3
2022-12-14,24.75,24.84,24.02,24.28,22.7213,272600,0.0,1.0,BLAU3
2022-12-15,24.33,25.5,24.17,24.88,23.2828,415100,0.0,1.0,BLAU3
2022-12-16,24.88,24.88,23.97,24.05,22.5061,174500,0.0,1.0,BLAU3
2022-12-19,23.5,24.75,23.5,24.14,22.5903,228600,0.0,1.0,BLAU3
2022-12-20,24.27,26.23,24.03,25.7,24.0502,438600,0.0,1.0,BLAU3
2022-12-21,25.7,26.1,25.3,26.05,24.5463,134300,0.1765,1.0,BLAU3
2022-12-22,26.08,26.68,25.84,26.2,24.6876,316300,0.0,1.0,BLAU3
2022-12-23,26.68,27.26,25.83,27.2,25.6299,225300,0.0,1.0,BLAU3
2022-12-26,27.2,27.49,26.28,27.01,25.4509,105700,0.0,1.0,BLAU3
2022-12-27,27.02,27.02,25.9,26.45,24.9232,220400,0.0,1.0,BLAU3
2022-12-28,26.56,26.84,26.32,26.47,24.9421,198300,0.0,1.0,BLAU3
2022-12-29,26.79,27.11,25.87,26.32,24.8007,271000,0.0,1.0,BLAU3
2023-01-02,28.0,28.0,25.23,26.03,24.5275,141000,0.0,1.0,BLAU3
2023-01-03,26.28,26.64,25.51,26.33,24.8101,305300,0.0,1.0,BLAU3
2023-01-04,26.33,26.6,25.68,25.9,24.405,90500,0.0,1.0,BLAU3
2023-01-05,25.98,26.43,25.57,26.14,24.6311,173000,0.0,1.0,BLAU3
2023-01-06,26.14,26.78,25.93,26.19,24.6782,118300,0.0,1.0,BLAU3
2023-01-09,25.75,26.02,25.37,25.99,24.4898,113400,0.0,1.0,BLAU3
2023-01-10,26.28,26.69,25.73,26.55,25.0174,201400,0.0,1.0,BLAU3
2023-01-11,26.54,26.87,26.08,26.75,25.2059,179700,0.0,1.0,BLAU3
2023-01-12,26.66,27.34,26.15,26.74,25.1965,244100,0.0,1.0,BLAU3
2023-01-13,26.58,27.23,26.12,27.18,25.6111,97100,0.0,1.0,BLAU3
2023-01-16,27.26,27.28,26.63,27.14,25.5734,112100,0.0,1.0,BLAU3
2023-01-17,26.99,27.65,26.88,27.15,25.5828,213800,0.0,1.0,BLAU3
2023-01-18,27.14,28.0,27.14,27.25,25.677,216500,0.0,1.0,BLAU3
2023-01-19,27.09,27.14,26.34,26.37,24.8478,173500,0.0,1.0,BLAU3
2023-01-20,26.4,26.56,25.51,25.69,24.2071,335600,0.0,1.0,BLAU3
2023-01-23,25.89,26.5,25.62,26.07,24.5652,168000,0.0,1.0,BLAU3
2023-01-24,26.07,26.65,26.07,26.35,24.829,155300,0.0,1.0,BLAU3
2023-01-25,26.3,27.31,26.15,27.19,25.6205,165400,0.0,1.0,BLAU3
2023-01-26,26.97,27.39,26.45,27.06,25.498,314600,0.0,1.0,BLAU3
2023-01-27,27.38,27.59,26.56,27.5,25.9126,97500,0.0,1.0,BLAU3
2023-01-30,27.54,28.5,27.16,28.4,26.7607,231800,0.0,1.0,BLAU3
2023-01-31,28.77,29.2,28.56,29.09,27.4108,250700,0.0,1.0,BLAU3
2023-02-01,29.3,30.79,29.3,30.55,28.7865,446000,0.0,1.0,BLAU3
2023-02-02,30.55,31.48,29.99,30.15,28.4096,308200,0.0,1.0,BLAU3
2023-02-03,30.2,30.5,29.11,29.21,27.5239,201300,0.0,1.0,BLAU3
2023-02-06,28.9,29.18,27.97,28.8,27.1376,372700,0.0,1.0,BLAU3
2023-02-07,28.91,29.44,28.26,28.46,26.8172,328700,0.0,1.0,BLAU3
2023-02-08,28.68,28.79,28.1,28.5,26.8549,321200,0.0,1.0,BLAU3
2023-02-09,28.51,28.61,27.34,27.34,25.7618,316600,0.0,1.0,BLAU3
2023-02-10,27.34,28.57,27.34,28.41,26.7701,161400,0.0,1.0,BLAU3
2023-02-13,28.29,28.38,27.21,28.0,26.3837,142400,0.0,1.0,BLAU3
2023-02-14,28.28,28.28,27.4,27.67,26.0728,139300,0.0,1.0,BLAU3
2023-02-15,27.58,29.14,27.48,28.84,27.1753,150000,0.0,1.0,BLAU3
2023-02-16,28.55,29.4,28.35,29.12,27.4391,127500,0.0,1.0,BLAU3
2023-02-17,28.98,28.98,28.19,28.68,27.0245,179400,0.0,1.0,BLAU3
2023-02-22,28.64,28.64,27.79,28.26,26.6287,77100,0.0,1.0,BLAU3
2023-02-23,28.26,28.9,27.99,28.72,27.0622,174900,0.0,1.0,BLAU3
2023-02-24,28.6,28.71,28.2,28.65,26.9962,234500,0.0,1.0,BLAU3
2023-02-27,28.31,28.8,28.12,28.8,27.1376,137300,0.0,1.0,BLAU3
2023-02-28,28.5,28.71,28.1,28.5,26.8549,243000,0.0,1.0,BLAU3
2023-03-01,28.92,28.92,27.58,28.08,26.4591,283900,0.0,1.0,BLAU3
2023-03-02,28.21,29.1,27.98,28.57,26.9208,198600,0.0,1.0,BLAU3
2023-03-03,28.55,28.88,28.38,28.63,26.9774,226300,0.0,1.0,BLAU3
2023-03-06,29.25,30.68,28.48,28.74,27.081,1103600,0.0,1.0,BLAU3
2023-03-07,29.36,29.54,28.15,28.8,27.1376,472500,0.0,1.0,BLAU3
2023-03-08,28.88,30.05,28.85,29.86,28.1364,737200,0.0,1.0,BLAU3
2023-03-09,29.59,30.78,29.59,30.03,28.2966,425200,0.0,1.0,BLAU3
2023-03-10,30.05,30.69,29.22,29.72,28.0045,244800,0.0,1.0,BLAU3
2023-03-13,29.5,31.4,29.08,30.5,28.7394,405800,0.0,1.0,BLAU3
2023-03-14,30.67,31.02,29.99,30.04,28.306,166600,0.0,1.0,BLAU3
2023-03-15,29.7,30.03,29.34,29.8,28.0798,178500,0.0,1.0,BLAU3
2023-03-16,29.8,30.38,29.55,29.8,28.0798,123900,0.0,1.0,BLAU3
2023-03-17,29.48,29.7,28.8,28.86,27.1941,312100,0.0,1.0,BLAU3
2023-03-20,28.78,28.8,27.69,28.0,26.3837,530200,0.0,1.0,BLAU3
2023-03-21,28.0,28.11,27.57,27.77,26.167,117000,0.0,1.0,BLAU3
2023-03-22,27.78,27.88,25.83,26.26,24.7442,562400,0.0,1.0,BLAU3
2023-03-23,26.5,26.5,24.85,25.0,23.5569,636900,0.0,1.0,BLAU3
2023-03-24,25.02,25.24,24.37,24.46,23.218,1393000,0.183,1.0,BLAU3
2023-03-27,24.32,24.58,23.57,24.4,23.1611,669200,0.0,1.0,BLAU3
2023-03-28,24.35,24.8,23.77,24.5,23.256,678100,0.0,1.0,BLAU3
2023-03-29,24.48,24.77,24.07,24.77,23.5123,222100,0.0,1.0,BLAU3
2023-03-30,25.15,25.4,24.55,24.68,23.4269,335500,0.0,1.0,BLAU3
2023-03-31,24.69,24.8,24.1,24.1,22.8763,194300,0.0,1.0,BLAU3
2023-04-03,24.06,24.06,22.57,23.75,22.5441,659400,0.0,1.0,BLAU3
2023-04-04,23.75,24.69,23.69,24.42,23.1801,237900,0.0,1.0,BLAU3
2023-04-05,24.43,24.67,23.6,23.6,22.4017,334800,0.0,1.0,BLAU3
2023-04-10,23.5,23.82,23.09,23.09,21.9176,167800,0.0,1.0,BLAU3
2023-04-11,23.19,24.7,23.19,23.9,22.6865,772400,0.0,1.0,BLAU3
2023-04-12,23.99,24.77,23.99,24.26,23.0282,268800,0.0,1.0,BLAU3
2023-04-13,24.26,24.43,23.32,23.69,22.4871,360900,0.0,1.0,BLAU3
2023-04-14,23.81,23.82,23.14,23.35,22.1644,126200,0.0,1.0,BLAU3
2023-04-17,23.44,23.67,22.77,22.95,21.7847,637600,0.0,1.0,BLAU3
2023-04-18,23.12,23.28,22.29,22.33,21.1962,552100,0.0,1.0,BLAU3
2023-04-19,22.32,22.32,20.42,20.5,19.5049,1003600,0.0524,1.0,BLAU3
2023-04-20,20.71,20.71,19.06,19.96,18.9911,984700,0.0,1.0,BLAU3
2023-04-24,19.75,20.15,19.43,20.0,19.0291,424300,0.0,1.0,BLAU3
2023-04-25,20.09,20.09,19.05,19.19,18.2584,404300,0.0,1.0,BLAU3
2023-04-26,19.32,19.57,18.84,19.33,18.3917,348700,0.0,1.0,BLAU3
2023-04-27,19.5,19.99,19.35,19.57,18.62,353800,0.0,1.0,BLAU3
2023-04-28,19.72,20.08,19.43,19.88,18.915,467000,0.0,1.0,BLAU3
2023-04-29,19.72,20.08,19.43,19.88,18.915,467600,0.0,1.0,BLAU3
2023-05-02,19.9,20.01,18.71,18.8,17.8874,586000,0.0,1.0,BLAU3
2023-05-03,18.77,18.99,18.47,18.73,17.8208,333300,0.0,1.0,BLAU3
2023-05-04,18.86,19.46,18.01,18.18,17.2975,714800,0.0,1.0,BLAU3
2023-05-05,18.05,18.89,17.45,18.13,17.2499,621600,0.0,1.0,BLAU3
2023-05-06,18.05,18.89,17.45,18.13,17.2499,622600,0.0,1.0,BLAU3
2023-05-08,18.25,18.83,18.25,18.4,17.5068,366800,0.0,1.0,BLAU3
2023-05-09,18.5,19.79,18.29,19.33,18.3917,410500,0.0,1.0,BLAU3
2023-05-10,19.4,19.97,19.1,19.75,18.7913,302500,0.0,1.0,BLAU3
2023-05-11,19.97,20.55,19.65,20.55,19.5524,527200,0.0,1.0,BLAU3
2023-05-12,20.46,20.91,20.26,20.73,19.7237,469800,0.0,1.0,BLAU3
2023-05-15,20.79,20.79,20.19,20.19,19.2099,249100,0.0,1.0,BLAU3
2023-05-16,20.17,20.41,19.77,19.8,18.8388,188300,0.0,1.0,BLAU3
2023-05-17,20.05,20.3,19.88,20.12,19.1433,244400,0.0,1.0,BLAU3
2023-05-18,20.15,20.9,20.03,20.66,19.6571,316700,0.0,1.0,BLAU3
2023-05-19,20.78,21.56,20.54,20.94,19.9235,408600,0.0,1.0,BLAU3
2023-05-22,21.04,21.61,20.89,21.33,20.2946,472400,0.0,1.0,BLAU3
2023-05-23,21.29,21.92,21.0,21.5,20.4563,522900,0.0,1.0,BLAU3
2023-05-24,21.5,21.79,21.14,21.35,20.3136,157800,0.0,1.0,BLAU3
2023-05-25,21.54,22.34,21.44,22.01,20.9416,302200,0.0,1.0,BLAU3
2023-05-26,22.4,22.4,21.25,21.5,20.4563,269500,0.0,1.0,BLAU3
2023-05-29,21.73,21.75,21.18,21.31,20.2755,120800,0.0,1.0,BLAU3
2023-05-30,21.44,21.47,20.65,20.86,19.8474,161300,0.0,1.0,BLAU3
2023-05-31,21.01,21.03,20.24,20.3,19.3146,418400,0.0,1.0,BLAU3
2023-06-01,20.25,20.92,19.92,20.56,19.5619,335400,0.0,1.0,BLAU3
2023-06-02,20.67,21.32,20.66,20.94,19.9235,373600,0.0,1.0,BLAU3
2023-06-05,21.0,21.34,20.84,21.2,20.1709,308200,0.0,1.0,BLAU3
2023-06-06,21.2,21.38,20.79,21.19,20.1614,459400,0.0,1.0,BLAU3
2023-06-07,21.32,21.96,20.84,21.49,20.4468,838300,0.0,1.0,BLAU3
2023-06-09,21.64,22.56,21.49,22.13,21.0557,358800,0.0,1.0,BLAU3
2023-06-12,22.43,22.43,21.35,21.5,20.4563,598400,0.0,1.0,BLAU3
2023-06-13,21.53,21.53,20.15,20.4,19.4097,569100,0.0,1.0,BLAU3
2023-06-14,20.73,20.94,20.35,20.8,19.7903,354700,0.0,1.0,BLAU3
2023-06-15,20.8,21.32,20.76,21.02,19.9996,208600,0.0,1.0,BLAU3
2023-06-16,20.94,21.17,20.01,20.01,19.0386,711800,0.0,1.0,BLAU3
2023-06-19,20.13,20.94,19.8,20.7,19.6951,866600,0.0,1.0,BLAU3
2023-06-20,20.84,21.15,20.56,20.92,19.9045,405200,0.0,1.0,BLAU3
2023-06-21,20.92,21.21,20.75,21.04,20.0186,477100,0.0,1.0,BLAU3
2023-06-22,21.24,21.24,20.59,20.96,19.9425,245000,0.0,1.0,BLAU3
2023-06-23,21.25,21.64,20.96,21.31,20.2755,251700,0.0,1.0,BLAU3
2023-06-26,21.41,21.41,20.45,20.74,19.7332,380800,0.0,1.0,BLAU3
2023-06-27,20.82,20.92,19.03,19.35,18.5782,1645400,0.187,1.0,BLAU3
2023-06-28,19.31,19.66,18.96,18.96,18.2037,987000,0.0,1.0,BLAU3
2023-06-29,19.11,19.53,18.84,19.35,18.5782,1599000,0.0,1.0,BLAU3
2023-06-30,19.62,19.79,18.38,18.61,17.8677,1589000,0.0,1.0,BLAU3
2023-07-03,18.8,19.57,18.7,18.85,18.0981,959800,0.0,1.0,BLAU3
2023-07-04,19.0,19.69,18.73,19.59,18.8086,294300,0.0,1.0,BLAU3
2023-07-05,19.58,19.94,19.24,19.77,18.9814,600500,0.0,1.0,BLAU3
2023-07-06,19.87,19.87,19.11,19.72,18.9334,387100,0.0,1.0,BLAU3
2023-07-07,19.73,20.14,19.65,19.85,19.0582,339100,0.0,1.0,BLAU3
2023-07-10,19.86,20.07,19.52,19.54,18.7606,480500,0.0,1.0,BLAU3
2023-07-11,19.62,19.62,19.16,19.48,18.703,454100,0.0,1.0,BLAU3
2023-07-12,19.43,19.75,19.26,19.39,18.6166,437000,0.0,1.0,BLAU3
2023-07-13,19.3,19.74,19.23,19.5,18.7222,347300,0.0,1.0,BLAU3
2023-07-14,19.5,19.67,18.97,19.1,18.3381,1037000,0.0,1.0,BLAU3
2023-07-17,19.1,19.21,18.53,18.75,18.0021,558100,0.0,1.0,BLAU3
2023-07-18,18.72,19.04,18.55,18.96,18.2037,493300,0.0,1.0,BLAU3
2023-07-19,18.97,18.99,18.5,18.87,18.1173,703500,0.0,1.0,BLAU3
2023-07-20,19.0,19.53,18.63,19.21,18.4437,696700,0.0,1.0,BLAU3
2023-07-21,19.14,19.67,19.03,19.61,18.8278,571700,0.0,1.0,BLAU3
2023-07-24,19.61,20.1,19.47,20.08,19.279,1052100,0.0,1.0,BLAU3
2023-07-25,20.15,20.78,20.15,20.5,19.6823,509000,0.0,1.0,BLAU3
2023-07-26,20.05,20.21,19.51,19.86,19.0678,1146900,0.0,1.0,BLAU3
2023-07-27,19.85,20.28,19.77,20.13,19.327,534500,0.0,1.0,BLAU3
2023-07-28,20.3,20.51,20.17,20.45,19.6343,965800,0.0,1.0,BLAU3
2023-07-31,20.71,21.0,20.33,20.78,19.9511,1366000,0.0,1.0,BLAU3
2023-08-01,20.69,21.05,20.3,20.93,20.0951,983200,0.0,1.0,BLAU3
2023-08-02,20.93,21.75,20.9,21.51,20.652,775400,0.0,1.0,BLAU3
2023-08-03,21.7,22.09,21.22,21.41,20.556,528800,0.0,1.0,BLAU3
2023-08-04,21.16,21.57,21.12,21.55,20.6904,264600,0.0,1.0,BLAU3
2023-08-07,21.58,21.69,20.7,20.8,19.9703,384400,0.0,1.0,BLAU3
2023-08-08,20.55,20.55,20.05,20.17,19.3654,416800,0.0,1.0,BLAU3
2023-08-09,20.28,20.28,19.36,19.6,18.8182,690100,0.0,1.0,BLAU3
2023-08-10,18.99,19.08,18.5,18.73,17.9829,1270000,0.0,1.0,BLAU3
2023-08-11,18.73,18.82,18.04,18.31,17.5796,776600,0.0,1.0,BLAU3
2023-08-14,18.35,18.8,17.98,18.53,17.7909,576300,0.0,1.0,BLAU3
2023-08-15,18.56,18.8,18.45,18.5,17.7621,309400,0.0,1.0,BLAU3
2023-08-16,18.49,18.56,17.81,17.94,17.2244,709400,0.0,1.0,BLAU3
2023-08-17,17.97,18.22,17.81,17.82,17.1092,431000,0.0,1.0,BLAU3
2023-08-18,17.94,18.02,17.7,17.88,17.1668,396100,0.0,1.0,BLAU3
2023-08-21,17.88,18.0,17.74,17.81,17.0996,295800,0.0,1.0,BLAU3
2023-08-22,18.0,18.26,17.86,18.08,17.3588,418900,0.0,1.0,BLAU3
2023-08-23,18.02,18.42,17.97,18.33,17.5988,310300,0.0,1.0,BLAU3
2023-08-24,18.5,18.5,17.9,17.9,17.186,322900,0.0,1.0,BLAU3
2023-08-25,17.94,18.06,17.8,17.8,17.09,310600,0.0,1.0,BLAU3
2023-08-28,17.9,17.95,17.58,17.67,16.9652,427300,0.0,1.0,BLAU3
2023-08-29,17.72,17.95,17.63,17.79,17.0804,295500,0.0,1.0,BLAU3
2023-08-30,17.91,18.19,17.91,17.99,17.2724,226000,0.0,1.0,BLAU3
2023-08-31,17.98,18.15,17.57,17.67,16.9652,474200,0.0,1.0,BLAU3
2023-09-01,17.72,17.74,17.31,17.6,16.898,411500,0.0,1.0,BLAU3
2023-09-02,17.72,17.74,17.31,17.6,16.898,413100,0.0,1.0,BLAU3
2023-09-04,17.9,17.97,17.36,17.36,16.6675,344400,0.0,1.0,BLAU3
2023-09-05,17.36,17.68,17.07,17.35,16.6579,830500,0.0,1.0,BLAU3
2023-09-06,17.52,17.72,17.23,17.45,16.7539,480400,0.0,1.0,BLAU3
2023-09-08,17.45,17.66,17.3,17.34,16.6483,377700,0.0,1.0,BLAU3
2023-09-09,17.45,17.66,17.29,17.34,16.6483,382600,0.0,1.0,BLAU3
2023-09-11,17.5,17.7,17.24,17.24,16.5523,336000,0.0,1.0,BLAU3
2023-09-12,17.32,17.37,17.22,17.35,16.6579,467900,0.0,1.0,BLAU3
2023-09-13,17.35,17.65,17.35,17.46,16.7635,496700,0.0,1.0,BLAU3
2023-09-14,17.52,17.64,17.31,17.59,16.8884,699200,0.0,1.0,BLAU3
2023-09-15,17.36,17.42,16.12,16.7,16.0339,1884200,0.0,1.0,BLAU3
2023-09-18,16.72,16.96,16.63,16.65,15.9859,440400,0.0,1.0,BLAU3
2023-09-19,16.71,16.86,16.35,16.76,16.0915,475400,0.0,1.0,BLAU3
2023-09-20,16.87,17.28,16.53,16.53,15.8706,451900,0.0,1.0,BLAU3
2023-09-21,16.44,16.45,16.21,16.3,15.6498,453800,0.0,1.0,BLAU3
2023-09-22,16.45,16.45,15.92,15.92,15.285,386700,0.0,1.0,BLAU3
2023-09-25,15.92,15.92,15.12,15.67,15.0449,952000,0.0,1.0,BLAU3
2023-09-26,15.62,15.79,15.43,15.65,15.0257,529800,0.0,1.0,BLAU3
2023-09-27,15.7,15.95,15.26,15.6,14.9777,646100,0.0,1.0,BLAU3
2023-09-28,15.6,16.3,15.51,16.0,15.3618,410900,0.0,1.0,BLAU3
2023-09-29,16.3,16.5,15.94,16.0,15.3618,454100,0.0,1.0,BLAU3
2023-10-02,16.1,16.1,15.78,16.07,15.429,337800,0.0,1.0,BLAU3
2023-10-03,16.07,16.23,15.79,15.91,15.2754,432300,0.0,1.0,BLAU3
2023-10-04,16.17,16.46,15.87,16.27,15.621,344500,0.0,1.0,BLAU3
2023-10-05,16.28,16.68,16.28,16.56,15.8994,345800,0.0,1.0,BLAU3
2023-10-06,16.5,16.62,16.01,16.54,15.8802,302000,0.0,1.0,BLAU3
2023-10-09,16.55,16.57,16.0,16.28,15.6306,344800,0.0,1.0,BLAU3
2023-10-10,16.36,16.7,16.25,16.48,15.8226,412300,0.0,1.0,BLAU3
2023-10-11,16.48,16.62,16.25,16.56,15.8994,262300,0.0,1.0,BLAU3
2023-10-13,16.52,16.55,16.04,16.43,15.7746,311900,0.0,1.0,BLAU3
2023-10-16,16.58,16.58,16.02,16.19,15.5442,344700,0.0,1.0,BLAU3
2023-10-17,16.07,16.11,15.61,15.61,14.9873,757100,0.0,1.0,BLAU3
2023-10-18,15.6,16.1,15.39,16.1,15.4578,658700,0.0,1.0,BLAU3
2023-10-19,16.15,16.34,15.84,15.91,15.2754,342900,0.0,1.0,BLAU3
2023-10-20,15.8,16.23,15.7,16.12,15.477,232200,0.0,1.0,BLAU3
2023-10-23,16.0,16.26,15.85,16.2,15.5538,233500,0.0,1.0,BLAU3
2023-10-24,16.33,16.5,15.97,16.06,15.4194,347400,0.0,1.0,BLAU3
2023-10-25,16.07,16.29,15.35,15.49,14.8721,395900,0.0,1.0,BLAU3
2023-10-26,15.61,16.51,15.38,16.51,15.8514,298600,0.0,1.0,BLAU3
2023-10-27,16.42,16.6,16.12,16.19,15.5442,339400,0.0,1.0,BLAU3
2023-10-30,16.08,16.29,15.25,15.26,14.6513,574300,0.0,1.0,BLAU3
2023-10-31,15.27,15.68,15.09,15.2,14.5937,613100,0.0,1.0,BLAU3
2023-11-01,15.36,15.7,15.07,15.7,15.0737,384800,0.0,1.0,BLAU3
2023-11-03,15.79,16.99,15.78,16.75,16.0819,684100,0.0,1.0,BLAU3
2023-11-06,16.81,16.92,16.25,16.65,15.9859,266600,0.0,1.0,BLAU3
2023-11-07,16.67,17.38,16.49,17.34,16.6483,397500,0.0,1.0,BLAU3
2023-11-08,17.45,17.73,17.02,17.22,16.5331,241600,0.0,1.0,BLAU3
2023-11-09,15.44,16.02,14.65,14.8,14.2096,3447700,0.0,1.0,BLAU3
2023-11-10,14.93,15.13,14.18,14.55,13.9696,2164900,0.0,1.0,BLAU3
2023-11-13,14.6,14.88,14.26,14.57,13.9888,868600,0.0,1.0,BLAU3
2023-11-14,14.68,14.9,14.33,14.63,14.0464,729300,0.0,1.0,BLAU3
2023-11-16,14.63,16.09,14.63,16.08,15.4386,1233300,0.0,1.0,BLAU3
2023-11-17,16.12,16.91,16.09,16.75,16.0819,870700,0.0,1.0,BLAU3
2023-11-20,16.76,17.07,16.32,16.45,15.7938,681000,0.0,1.0,BLAU3
2023-11-21,16.31,16.5,16.04,16.17,15.525,659500,0.0,1.0,BLAU3
2023-11-22,16.17,16.63,16.04,16.16,15.5154,600900,0.0,1.0,BLAU3
2023-11-23,16.19,16.47,16.03,16.03,15.3906,255500,0.0,1.0,BLAU3
2023-11-24,16.05,16.29,15.9,16.04,15.4002,368100,0.0,1.0,BLAU3
2023-11-27,15.85,16.21,15.82,16.21,15.5634,376100,0.0,1.0,BLAU3
2023-11-28,16.25,16.63,15.98,16.05,15.4098,448600,0.0,1.0,BLAU3
2023-11-29,15.89,16.03,15.7,15.9,15.2658,538500,0.0,1.0,BLAU3
2023-11-30,15.91,15.93,15.5,15.67,15.0449,526500,0.0,1.0,BLAU3
2023-12-01,15.59,15.91,15.33,15.83,15.1986,574600,0.0,1.0,BLAU3
2023-12-04,15.84,15.84,15.38,15.46,14.8433,432400,0.0,1.0,BLAU3
2023-12-05,15.55,15.87,15.46,15.69,15.0641,391900,0.0,1.0,BLAU3
2023-12-06,15.85,16.09,15.7,15.89,15.2562,350700,0.0,1.0,BLAU3
2023-12-07,15.94,16.14,15.85,16.03,15.3906,434800,0.0,1.0,BLAU3
2023-12-08,16.07,16.42,15.83,16.35,15.6978,413300,0.0,1.0,BLAU3
2023-12-11,16.36,16.38,15.9,15.9,15.2658,214700,0.0,1.0,BLAU3
2023-12-12,15.92,16.09,15.62,15.85,15.2178,397500,0.0,1.0,BLAU3
2023-12-13,15.92,16.62,15.76,16.57,15.909,438500,0.0,1.0,BLAU3
2023-12-14,16.63,16.94,16.18,16.2,15.5538,279400,0.0,1.0,BLAU3
2023-12-15,16.2,16.53,15.92,15.97,15.333,293000,0.0,1.0,BLAU3
2023-12-18,16.12,16.42,16.1,16.34,15.6882,239200,0.0,1.0,BLAU3
2023-12-19,16.34,16.55,15.66,15.73,15.1026,421900,0.0,1.0,BLAU3
2023-12-20,15.57,15.71,15.3,15.34,14.7281,470000,0.0,1.0,BLAU3
2023-12-21,15.41,15.44,14.96,15.17,14.5649,447400,0.0,1.0,BLAU3
2023-12-22,15.2,15.41,15.14,15.34,14.7281,171700,0.0,1.0,BLAU3
2023-12-26,15.34,15.91,15.33,15.91,15.2754,358800,0.0,1.0,BLAU3
2023-12-27,15.94,16.23,15.81,16.23,15.5826,213600,0.0,1.0,BLAU3
2023-12-28,16.23,16.5,16.12,16.41,15.7554,307400,0.0,1.0,BLAU3
2024-01-02,16.42,16.42,15.5,15.5,14.8817,346000,0.0,1.0,BLAU3
2024-01-03,15.51,15.9,15.42,15.75,15.1218,190300,0.0,1.0,BLAU3
2024-01-04,15.76,15.76,15.4,15.45,14.8337,217200,0.0,1.0,BLAU3
2024-01-05,15.48,15.67,15.21,15.33,14.7185,349500,0.0,1.0,BLAU3
2024-01-08,15.33,15.71,15.18,15.58,14.9585,165100,0.0,1.0,BLAU3
2024-01-09,15.57,15.86,15.52,15.78,15.1506,135000,0.0,1.0,BLAU3
2024-01-10,15.79,16.0,15.3,15.31,14.6993,294700,0.0,1.0,BLAU3
2024-01-11,15.33,15.48,15.3,15.45,14.8337,121900,0.0,1.0,BLAU3
2024-01-12,15.5,16.3,15.27,15.31,14.6993,317900,0.0,1.0,BLAU3
2024-01-15,15.44,15.44,15.04,15.12,14.5169,300800,0.0,1.0,BLAU3
2024-01-16,15.1,15.24,14.55,14.55,13.9696,568200,0.0,1.0,BLAU3
2024-01-17,14.57,14.75,14.3,14.52,13.9408,287400,0.0,1.0,BLAU3
2024-01-18,14.62,14.68,13.65,13.65,13.1055,515900,0.0,1.0,BLAU3
2024-01-19,13.76,13.8,13.2,13.2,12.6735,813300,0.0,1.0,BLAU3
2024-01-22,13.22,13.45,12.53,12.73,12.2222,916300,0.0,1.0,BLAU3
2024-01-23,12.76,13.31,12.75,12.85,12.3374,394600,0.0,1.0,BLAU3
2024-01-24,12.88,13.47,12.88,13.05,12.5295,446200,0.0,1.0,BLAU3
2024-01-25,13.16,13.2,12.66,12.89,12.3758,997200,0.0,1.0,BLAU3
2024-01-26,12.95,13.0,12.67,12.75,12.2414,290800,0.0,1.0,BLAU3
2024-01-29,12.77,12.77,12.4,12.49,11.9918,315800,0.0,1.0,BLAU3
2024-01-30,12.5,12.57,12.22,12.31,11.819,262200,0.0,1.0,BLAU3
2024-01-31,12.39,12.55,12.18,12.2,11.7134,384000,0.0,1.0,BLAU3
2024-02-01,12.28,12.28,12.05,12.25,11.7614,224000,0.0,1.0,BLAU3
2024-02-02,12.34,12.42,11.71,11.84,11.3677,811500,0.0,1.0,BLAU3
2024-02-05,11.87,11.87,11.6,11.71,11.2429,443100,0.0,1.0,BLAU3
2024-02-06,11.71,12.31,11.71,11.88,11.4061,321700,0.0,1.0,BLAU3
2024-02-07,11.88,12.63,11.87,12.5,12.0014,354400,0.0,1.0,BLAU3
2024-02-08,12.5,12.54,12.04,12.2,11.7134,269100,0.0,1.0,BLAU3
2024-02-09,12.19,12.33,11.93,12.0,11.5213,305900,0.0,1.0,BLAU3
2024-02-14,12.0,12.0,11.74,11.83,11.3581,172700,0.0,1.0,BLAU3
2024-02-15,11.82,11.94,11.76,11.85,11.3773,172400,0.0,1.0,BLAU3
2024-02-16,11.9,12.24,11.72,12.22,11.7326,219000,0.0,1.0,BLAU3
2024-02-19,12.22,12.3,11.98,12.26,11.771,102400,0.0,1.0,BLAU3
2024-02-20,12.26,12.47,12.16,12.28,11.7902,246600,0.0,1.0,BLAU3
2024-02-21,12.27,12.67,12.12,12.67,12.1646,313600,0.0,1.0,BLAU3
2024-02-22,12.71,13.1,12.32,12.77,12.2606,610500,0.0,1.0,BLAU3
2024-02-23,12.88,12.92,12.25,12.33,11.8382,255600,0.0,1.0,BLAU3
2024-02-26,12.4,12.4,12.01,12.19,11.7038,227700,0.0,1.0,BLAU3
2024-02-27,12.17,12.65,12.15,12.57,12.0686,239400,0.0,1.0,BLAU3
2024-02-28,12.56,12.59,12.22,12.49,11.9918,214300,0.0,1.0,BLAU3
2024-02-29,12.49,12.52,12.11,12.41,11.915,1103600,0.0,1.0,BLAU3
2024-03-01,12.49,12.93,12.37,12.75,12.2414,328200,0.0,1.0,BLAU3
2024-03-04,12.75,12.77,12.3,12.3,11.8094,213800,0.0,1.0,BLAU3
2024-03-05,12.39,12.66,12.3,12.34,11.8478,184600,0.0,1.0,BLAU3
2024-03-06,12.34,12.72,12.21,12.21,11.723,221000,0.0,1.0,BLAU3
2024-03-07,12.23,12.35,12.05,12.05,11.5693,158100,0.0,1.0,BLAU3
2024-03-08,12.14,12.43,12.0,12.15,11.6654,220000,0.0,1.0,BLAU3
2024-03-11,12.15,12.32,11.83,11.83,11.3581,253200,0.0,1.0,BLAU3
2024-03-12,12.16,12.18,11.85,11.93,11.4541,158800,0.0,1.0,BLAU3
2024-03-13,12.0,12.18,11.83,12.11,11.6269,160700,0.0,1.0,BLAU3
2024-03-14,12.17,12.2,11.76,11.88,11.4061,240000,0.0,1.0,BLAU3
2024-03-15,11.9,12.02,11.8,11.9,11.4253,200200,0.0,1.0,BLAU3
2024-03-18,11.98,12.09,11.76,11.86,11.3869,119600,0.0,1.0,BLAU3
2024-03-19,11.91,12.02,11.71,11.93,11.4541,216600,0.0,1.0,BLAU3
2024-03-20,11.7,12.66,11.53,12.42,11.9246,904800,0.0,1.0,BLAU3
2024-03-21,12.57,12.66,12.01,12.01,11.5309,415000,0.0,1.0,BLAU3
2024-03-22,12.0,12.3,11.81,12.21,11.8465,400000,0.1252,1.0,BLAU3
2024-03-23,12.0,12.3,11.81,12.21,11.8465,400000,0.0,1.0,BLAU3
2024-03-25,12.3,12.56,11.97,12.01,11.6524,830300,0.0,1.0,BLAU3
2024-03-26,12.1,12.42,11.86,12.15,11.7883,400900,0.0,1.0,BLAU3
2024-03-27,12.21,12.26,12.06,12.22,11.8562,212900,0.0,1.0,BLAU3
2024-03-28,12.25,12.66,12.2,12.45,12.0793,236400,0.0,1.0,BLAU3
2024-04-01,12.57,12.75,11.88,11.88,11.5263,255200,0.0,1.0,BLAU3
2024-04-02,12.03,12.23,11.9,12.23,11.8659,382100,0.0,1.0,BLAU3
2024-04-03,12.24,12.35,12.0,12.19,11.8271,152600,0.0,1.0,BLAU3
2024-04-04,12.17,12.44,12.01,12.1,11.7397,177300,0.0,1.0,BLAU3
2024-04-05,12.11,12.16,11.92,12.0,11.6427,189300,0.0,1.0,BLAU3
2024-04-08,12.01,12.03,11.89,11.93,11.5748,165400,0.0,1.0,BLAU3
2024-04-09,11.93,12.12,11.9,11.98,11.6233,187700,0.0,1.0,BLAU3
2024-04-10,12.0,12.1,11.81,12.1,11.7397,318800,0.0,1.0,BLAU3
2024-04-11,12.08,12.08,11.83,12.0,11.6427,234600,0.0,1.0,BLAU3
2024-04-12,12.0,12.0,11.54,11.62,11.274,407900,0.0,1.0,BLAU3
2024-04-15,11.6,11.74,10.96,10.97,10.6434,688300,0.0,1.0,BLAU3
2024-04-16,10.96,10.96,10.62,10.7,10.3814,434400,0.0,1.0,BLAU3
2024-04-17,10.89,10.92,10.4,10.45,10.1389,301900,0.0,1.0,BLAU3
2024-04-18,10.47,10.57,10.25,10.25,9.9448,293400,0.0,1.0,BLAU3
2024-04-19,10.35,10.47,10.2,10.29,9.9836,227200,0.0,1.0,BLAU3
2024-04-22,10.28,10.42,10.26,10.35,10.0419,236100,0.0,1.0,BLAU3
2024-04-23,10.4,10.83,10.18,10.67,10.3523,298100,0.0,1.0,BLAU3
2024-04-24,10.67,10.91,10.23,10.46,10.1486,292000,0.0,1.0,BLAU3
2024-04-25,10.47,10.47,10.17,10.2,9.8963,240900,0.0,1.0,BLAU3
2024-04-26,10.4,10.92,10.4,10.79,10.4688,359700,0.0,1.0,BLAU3
2024-04-29,10.81,10.9,10.55,10.65,10.3463,312700,0.014,1.0,BLAU3
2024-04-30,10.05,10.35,9.29,10.07,9.7829,1501900,0.0,1.0,BLAU3
2024-05-02,10.24,10.52,9.96,10.22,9.9286,369300,0.0,1.0,BLAU3
2024-05-03,10.32,10.75,10.32,10.53,10.2297,387600,0.0,1.0,BLAU3
2024-05-06,10.58,10.79,10.35,10.35,10.0549,228400,0.0,1.0,BLAU3
2024-05-07,10.31,10.66,10.31,10.51,10.2103,228800,0.0,1.0,BLAU3
2024-05-08,10.76,10.99,10.22,10.7,10.3949,488000,0.0,1.0,BLAU3
2024-05-09,10.7,11.09,10.57,11.09,10.7738,262200,0.0,1.0,BLAU3
2024-05-10,11.13,11.17,10.65,10.8,10.492,182500,0.0,1.0,BLAU3
2024-05-13,10.79,10.94,10.58,10.67,10.3658,174300,0.0,1.0,BLAU3
2024-05-14,10.66,10.82,10.42,10.53,10.2297,134500,0.0,1.0,BLAU3
2024-05-15,10.53,10.79,10.4,10.64,10.3366,165800,0.0,1.0,BLAU3
2024-05-16,10.64,10.78,10.57,10.67,10.3658,162800,0.0,1.0,BLAU3
2024-05-17,10.68,10.98,10.58,10.89,10.5795,107400,0.0,1.0,BLAU3
2024-05-20,10.89,10.91,10.69,10.77,10.4629,126200,0.0,1.0,BLAU3
2024-05-21,10.8,10.96,10.7,10.71,10.4046,157300,0.0,1.0,BLAU3
2024-05-22,10.73,10.73,10.45,10.57,10.2686,149300,0.0,1.0,BLAU3
2024-05-23,10.6,10.6,10.3,10.47,10.1715,144100,0.0,1.0,BLAU3
2024-05-24,10.5,10.58,10.38,10.47,10.1715,78000,0.0,1.0,BLAU3
2024-05-25,10.5,10.58,10.38,10.47,10.1715,78000,0.0,1.0,BLAU3
2024-05-27,10.5,10.55,10.3,10.52,10.22,99600,0.0,1.0,BLAU3
2024-05-28,10.52,10.56,10.31,10.39,10.0937,198900,0.0,1.0,BLAU3
2024-05-29,10.35,10.46,10.3,10.31,10.016,134300,0.0,1.0,BLAU3
2024-05-31,10.31,10.44,10.24,10.26,9.9674,267300,0.0,1.0,BLAU3
2024-06-03,10.25,10.7,10.2,10.5,10.2006,254400,0.0,1.0,BLAU3
2024-06-04,10.57,10.57,10.24,10.46,10.1617,230900,0.0,1.0,BLAU3
2024-06-05,10.36,10.62,10.3,10.4,10.1035,162000,0.0,1.0,BLAU3
2024-06-06,10.35,10.59,10.34,10.48,10.1812,204700,0.0,1.0,BLAU3
2024-06-07,10.33,10.45,10.21,10.23,9.9383,188800,0.0,1.0,BLAU3
2024-06-10,10.24,10.3,9.92,10.03,9.744,253000,0.0,1.0,BLAU3
2024-06-11,10.01,10.4,9.96,10.24,9.948,231800,0.0,1.0,BLAU3
2024-06-12,10.26,10.38,10.0,10.08,9.7926,263900,0.0,1.0,BLAU3
2024-06-13,10.02,10.15,9.95,10.09,9.8023,204900,0.0,1.0,BLAU3
2024-06-14,10.0,10.14,9.99,9.99,9.7051,120800,0.0,1.0,BLAU3
2024-06-17,10.0,10.03,9.85,9.92,9.6371,134100,0.0,1.0,BLAU3
2024-06-18,9.89,10.03,9.8,9.8,9.5206,113600,0.0,1.0,BLAU3
2024-06-19,9.7,9.8,9.5,9.64,9.3651,166600,0.0,1.0,BLAU3
2024-06-20,9.6,9.69,9.2,9.41,9.1417,392500,0.0,1.0,BLAU3
2024-06-21,9.41,9.8,9.39,9.64,9.3651,180600,0.0,1.0,BLAU3
2024-06-24,9.75,9.94,9.57,9.82,9.54,379500,0.0,1.0,BLAU3
2024-06-25,9.73,9.94,9.71,9.71,9.4331,188100,0.0,1.0,BLAU3
2024-06-26,9.66,9.76,9.6,9.71,9.5718,251400,0.1407,1.0,BLAU3
2024-06-27,9.72,10.66,9.53,10.66,10.5083,522100,0.0,1.0,BLAU3
2024-06-28,10.68,10.75,10.42,10.49,10.3407,116900,0.0,1.0,BLAU3
2024-06-29,10.68,10.75,10.42,10.49,10.3407,117000,0.0,1.0,BLAU3
2024-07-01,10.41,10.46,10.11,10.24,10.0943,203800,0.0,1.0,BLAU3
2024-07-02,10.15,10.69,10.15,10.5,10.3506,211200,0.0,1.0,BLAU3
2024-07-03,10.48,10.85,10.48,10.7,10.5477,123600,0.0,1.0,BLAU3
2024-07-04,10.97,11.61,10.9,11.56,11.3955,328800,0.0,1.0,BLAU3
2024-07-05,11.63,11.97,11.56,11.8,11.6321,226300,0.0,1.0,BLAU3
2024-07-08,12.0,12.0,11.58,11.77,11.6025,156000,0.0,1.0,BLAU3
2024-07-09,11.77,11.95,11.58,11.95,11.78,151400,0.0,1.0,BLAU3
2024-07-10,11.99,12.16,11.75,11.99,11.8194,181200,0.0,1.0,BLAU3
2024-07-11,11.98,12.03,11.6,11.6,11.4349,218500,0.0,1.0,BLAU3
2024-07-12,11.71,11.99,11.41,11.9,11.7307,326700,0.0,1.0,BLAU3
2024-07-15,11.87,12.28,11.87,12.28,12.1053,226100,0.0,1.0,BLAU3
2024-07-16,12.2,12.44,12.04,12.29,12.1151,120400,0.0,1.0,BLAU3
2024-07-17,12.3,12.47,11.64,12.05,11.8785,225100,0.0,1.0,BLAU3
2024-07-18,11.95,12.0,11.45,11.58,11.4152,154700,0.0,1.0,BLAU3
2024-07-19,11.38,11.61,11.25,11.29,11.1293,75800,0.0,1.0,BLAU3
2024-07-22,11.3,11.91,11.3,11.73,11.5631,286700,0.0,1.0,BLAU3
2024-07-23,11.74,11.78,11.31,11.31,11.1491,108300,0.0,1.0,BLAU3
2024-07-24,11.3,11.33,11.03,11.06,10.9026,140700,0.0,1.0,BLAU3
2024-07-25,11.0,11.44,11.0,11.1,10.942,586200,0.0,1.0,BLAU3
2024-07-26,11.3,11.36,11.09,11.29,11.1293,85600,0.0,1.0,BLAU3
2024-07-29,11.4,11.4,10.76,10.81,10.6562,139300,0.0,1.0,BLAU3
2024-07-30,10.73,10.78,10.24,10.38,10.2323,170600,0.0,1.0,BLAU3
2024-07-31,10.59,10.68,10.35,10.36,10.2126,189400,0.0,1.0,BLAU3
2024-08-01,10.35,10.52,10.08,10.16,10.0154,248800,0.0,1.0,BLAU3
2024-08-02,10.16,10.49,10.03,10.37,10.2224,78900,0.0,1.0,BLAU3
2024-08-05,10.2,10.32,10.03,10.18,10.0351,178300,0.0,1.0,BLAU3
2024-08-06,10.18,10.35,10.01,10.1,9.9563,169900,0.0,1.0,BLAU3
2024-08-07,10.87,11.59,10.58,11.3,11.1392,626700,0.0,1.0,BLAU3
2024-08-08,11.31,11.79,11.14,11.69,11.5237,303400,0.0,1.0,BLAU3
2024-08-09,11.7,11.73,11.43,11.62,11.4546,170400,0.0,1.0,BLAU3
2024-08-12,11.79,11.84,11.54,11.69,11.5237,210600,0.0,1.0,BLAU3
2024-08-13,11.6,12.1,11.5,12.1,11.9278,261400,0.0,1.0,BLAU3
2024-08-14,12.01,12.05,11.93,11.93,11.7602,150500,0.0,1.0,BLAU3
2024-08-15,12.1,12.35,11.85,11.99,11.8194,189300,0.0,1.0,BLAU3
2024-08-16,11.93,12.16,11.6,11.68,11.5138,450500,0.0,1.0,BLAU3
2024-08-17,11.93,12.16,11.6,11.68,11.5138,450500,0.0,1.0,BLAU3
2024-08-19,11.68,12.69,11.68,12.63,12.4503,248800,0.0,1.0,BLAU3
2024-08-20,12.74,13.47,12.6,13.09,12.9037,501100,0.0,1.0,BLAU3
2024-08-21,12.82,13.53,12.82,13.52,13.3276,333300,0.0,1.0,BLAU3
2024-08-22,13.51,13.51,13.19,13.29,13.1009,221400,0.0,1.0,BLAU3
2024-08-23,13.2,13.79,13.18,13.73,13.5346,1062100,0.0,1.0,BLAU3
2024-08-26,13.73,13.73,12.47,13.2,13.0122,518400,0.0,1.0,BLAU3
2024-08-27,13.01,13.34,12.95,13.19,13.0023,140100,0.0,1.0,BLAU3
2024-08-28,13.11,13.56,12.98,13.56,13.367,243300,0.0,1.0,BLAU3
2024-08-29,13.9,13.92,13.1,13.27,13.0812,413100,0.0,1.0,BLAU3
2024-08-30,13.16,14.5,13.12,13.97,13.7712,703800,0.0,1.0,BLAU3
2024-09-02,13.95,14.07,13.61,13.94,13.7416,1238400,0.0,1.0,BLAU3
2024-09-03,14.07,14.5,13.94,14.36,14.1557,320200,0.0,1.0,BLAU3
2024-09-04,14.36,14.52,14.17,14.51,14.3035,264600,0.0,1.0,BLAU3
2024-09-05,14.52,14.58,14.05,14.43,14.2247,231200,0.0,1.0,BLAU3
2024-09-06,14.18,14.53,14.16,14.16,13.9585,244500,0.0,1.0,BLAU3
2024-09-09,14.17,14.27,13.54,13.54,13.3473,211900,0.0,1.0,BLAU3
2024-09-10,13.54,13.69,12.81,13.55,13.3572,375400,0.0,1.0,BLAU3
2024-09-11,13.68,13.93,13.48,13.93,13.7318,163000,0.0,1.0,BLAU3
2024-09-12,13.69,14.06,13.58,13.67,13.4755,302100,0.0,1.0,BLAU3
2024-09-13,13.66,14.24,13.66,14.24,14.0374,246100,0.0,1.0,BLAU3
2024-09-16,13.84,14.3,13.61,14.09,13.8895,239100,0.0,1.0,BLAU3
2024-09-17,13.92,14.58,13.77,14.54,14.3331,263800,0.0,1.0,BLAU3
2024-09-18,14.54,14.54,13.98,13.98,13.7811,167200,0.0,1.0,BLAU3
2024-09-19,13.93,13.94,13.5,13.5,13.3079,273100,0.0,1.0,BLAU3
2024-09-20,13.43,13.52,12.84,13.17,12.9826,1776900,0.0,1.0,BLAU3
2024-09-23,13.17,13.39,12.9,13.2,13.0122,381200,0.0,1.0,BLAU3
2024-09-24,13.43,13.7,13.34,13.44,13.2487,183500,0.0,1.0,BLAU3
2024-09-25,13.44,13.61,13.18,13.18,12.9924,211900,0.0,1.0,BLAU3
2024-09-26,13.19,13.39,13.04,13.19,13.0861,189300,0.0844,1.0,BLAU3
2024-09-27,13.15,13.76,13.05,13.76,13.6516,213600,0.0,1.0,BLAU3
2024-09-30,13.72,13.72,13.18,13.19,13.0861,216300,0.0,1.0,BLAU3
2024-10-01,13.32,13.5,13.15,13.15,13.0464,156000,0.0,1.0,BLAU3
2024-10-02,13.15,13.55,13.15,13.25,13.1457,138100,0.0,1.0,BLAU3
2024-10-03,13.11,13.23,12.95,13.05,12.9472,413600,0.0,1.0,BLAU3
2024-10-04,13.03,13.17,12.82,13.05,12.9472,129700,0.0,1.0,BLAU3
2024-10-07,12.96,13.2,12.76,13.02,12.9175,254000,0.0,1.0,BLAU3
2024-10-08,12.93,13.21,12.83,13.21,13.106,155900,0.0,1.0,BLAU3
2024-10-09,12.97,13.29,12.9,13.05,12.9472,295900,0.0,1.0,BLAU3
2024-10-10,12.85,13.36,12.74,13.02,12.9175,276500,0.0,1.0,BLAU3
2024-10-11,12.95,13.12,12.95,13.1,12.9968,78200,0.0,1.0,BLAU3
2024-10-14,13.1,13.68,12.96,13.68,13.5723,316200,0.0,1.0,BLAU3
2024-10-15,13.58,13.68,13.2,13.2,13.096,209300,0.0,1.0,BLAU3
2024-10-16,13.48,14.29,13.48,14.29,14.1775,629900,0.0,1.0,BLAU3
2024-10-17,14.0,15.18,14.0,15.0,14.8819,567500,0.0,1.0,BLAU3
2024-10-18,15.01,15.19,14.26,14.79,14.6735,430100,0.0,1.0,BLAU3
2024-10-21,14.54,14.95,14.32,14.32,14.2072,162200,0.0,1.0,BLAU3
2024-10-22,14.3,14.48,14.01,14.24,14.1279,122400,0.0,1.0,BLAU3
2024-10-23,14.24,14.26,13.76,14.24,14.1279,333000,0.0,1.0,BLAU3
2024-10-24,14.21,14.74,14.13,14.74,14.6239,119800,0.0,1.0,BLAU3
2024-10-25,14.67,14.69,14.18,14.18,14.0683,258100,0.0,1.0,BLAU3
2024-10-28,14.1,14.64,14.1,14.47,14.356,84600,0.0,1.0,BLAU3
2024-10-29,14.33,14.56,13.86,14.4,14.2866,292400,0.0,1.0,BLAU3
2024-10-30,14.3,14.82,14.25,14.68,14.5644,168500,0.0,1.0,BLAU3
2024-10-31,14.68,15.0,14.62,15.0,14.8819,255700,0.0,1.0,BLAU3
2024-11-01,15.0,15.18,14.6,14.75,14.6338,252200,0.0,1.0,BLAU3
2024-11-04,15.0,15.89,14.78,15.89,15.7649,451000,0.0,1.0,BLAU3
2024-11-05,16.0,16.71,16.0,16.34,16.2113,945200,0.0,1.0,BLAU3
2024-11-06,16.2,17.61,16.01,17.0,16.8661,1680400,0.0,1.0,BLAU3
2024-11-07,16.97,17.07,16.13,16.15,16.0228,472200,0.0,1.0,BLAU3
2024-11-08,16.04,16.04,15.13,15.23,15.1101,559600,0.0,1.0,BLAU3
2024-11-11,15.23,15.4,15.06,15.25,15.1299,236500,0.0,1.0,BLAU3
2024-11-12,15.36,15.36,14.9,15.15,15.0307,410000,0.0,1.0,BLAU3
2024-11-13,15.15,15.7,15.06,15.65,15.5268,248000,0.0,1.0,BLAU3
2024-11-14,15.74,15.74,14.92,14.92,14.8025,237500,0.0,1.0,BLAU3
2024-11-18,14.71,15.06,14.32,14.84,14.7231,187900,0.0,1.0,BLAU3
2024-11-19,14.97,15.32,14.58,15.11,14.991,128400,0.0,1.0,BLAU3
2024-11-21,15.01,15.02,14.53,15.02,14.9017,163900,0.0,1.0,BLAU3
2024-11-22,15.09,15.16,14.7,14.7,14.5842,132000,0.0,1.0,BLAU3
2024-11-25,14.33,15.06,14.06,15.02,14.9017,200300,0.0,1.0,BLAU3
2024-11-26,15.0,15.46,14.82,15.25,15.1299,214400,0.0,1.0,BLAU3
2024-11-27,15.25,15.33,14.4,14.49,14.3759,196100,0.0,1.0,BLAU3
2024-11-28,14.51,14.56,13.04,13.04,12.9373,438800,0.0,1.0,BLAU3
2024-11-29,13.04,13.51,12.79,13.39,13.2845,491900,0.0,1.0,BLAU3
2024-12-02,13.65,13.97,13.42,13.77,13.6616,227300,0.0,1.0,BLAU3
2024-12-03,13.7,13.8,13.1,13.5,13.3937,260400,0.0,1.0,BLAU3
2024-12-04,13.36,13.7,13.25,13.25,13.1457,173400,0.0,1.0,BLAU3
2024-12-05,13.43,14.3,13.43,14.0,13.8897,393700,0.0,1.0,BLAU3
2024-12-06,13.87,13.98,13.32,13.67,13.5623,162900,0.0,1.0,BLAU3
2024-12-09,13.99,14.13,13.38,13.5,13.3937,873700,0.0,1.0,BLAU3
2024-12-10,13.4,14.19,13.4,14.19,14.0782,254400,0.0,1.0,BLAU3
2024-12-11,14.19,14.76,13.89,14.46,14.3461,279500,0.0,1.0,BLAU3
2024-12-12,14.42,14.42,14.01,14.3,14.1874,102900,0.0,1.0,BLAU3
2024-12-13,14.1,14.38,13.42,13.66,13.5524,425500,0.0,1.0,BLAU3
2024-12-16,13.73,13.8,13.0,13.23,13.1258,434400,0.0,1.0,BLAU3
2024-12-17,13.31,13.52,13.03,13.29,13.1853,258100,0.0,1.0,BLAU3
2024-12-18,13.65,13.75,12.57,12.57,12.471,355900,0.0,1.0,BLAU3
2024-12-19,12.92,13.5,12.62,13.5,13.3937,266100,0.0,1.0,BLAU3
2024-12-20,13.49,14.16,13.26,14.05,13.9394,183700,0.0,1.0,BLAU3
2024-12-23,13.85,14.03,13.39,13.6,13.4929,100100,0.0,1.0,BLAU3
2024-12-26,13.59,13.59,12.94,12.94,12.8381,235700,0.0,1.0,BLAU3
2024-12-27,12.97,13.21,12.25,12.68,12.5801,726900,0.0,1.0,BLAU3
2024-12-30,12.83,13.27,12.69,13.15,13.0464,236500,0.0,1.0,BLAU3
2025-01-02,13.22,13.22,12.77,12.86,12.7587,229700,0.0,1.0,BLAU3
2025-01-03,12.83,12.97,12.71,12.9,12.7984,154600,0.0,1.0,BLAU3
2025-01-06,12.9,13.29,12.9,12.97,12.8679,238000,0.0,1.0,BLAU3
2025-01-07,13.06,13.39,12.93,12.93,12.8282,139300,0.0,1.0,BLAU3
2025-01-08,12.78,13.01,12.51,13.01,12.9075,143400,0.0,1.0,BLAU3
2025-01-09,13.01,13.04,12.61,13.04,12.9373,104900,0.0,1.0,BLAU3
2025-01-10,12.9,12.92,12.56,12.66,12.5603,110000,0.0,1.0,BLAU3
2025-01-13,12.66,12.87,12.43,12.76,12.6595,151000,0.0,1.0,BLAU3
2025-01-14,12.69,12.79,12.37,12.4,12.3023,131800,0.0,1.0,BLAU3
2025-01-15,12.32,13.28,12.32,12.95,12.848,235300,0.0,1.0,BLAU3
2025-01-16,12.78,12.84,11.78,11.79,11.6971,382200,0.0,1.0,BLAU3
2025-01-17,11.81,11.97,11.48,11.86,11.7666,385600,0.0,1.0,BLAU3
2025-01-20,11.91,12.43,11.74,12.26,12.1634,971800,0.0,1.0,BLAU3
2025-01-21,12.29,12.43,11.95,12.1,12.0047,426800,0.0,1.0,BLAU3
2025-01-22,12.22,12.79,11.97,12.53,12.4313,454300,0.0,1.0,BLAU3
2025-01-23,12.53,12.75,12.32,12.56,12.4611,144800,0.0,1.0,BLAU3
2025-01-24,12.53,12.77,12.39,12.48,12.3817,157800,0.0,1.0,BLAU3
2025-01-27,12.63,12.79,12.4,12.42,12.3222,163600,0.0,1.0,BLAU3
2025-01-28,12.29,12.65,12.08,12.58,12.4809,139400,0.0,1.0,BLAU3
2025-01-29,12.57,12.67,12.37,12.54,12.4412,95000,0.0,1.0,BLAU3
2025-01-30,12.53,13.34,12.49,13.34,13.2349,309700,0.0,1.0,BLAU3
2025-01-31,13.35,13.42,12.72,12.97,12.8679,242600,0.0,1.0,BLAU3
2025-02-03,12.56,12.97,12.56,12.85,12.7488,139600,0.0,1.0,BLAU3
2025-02-04,12.76,13.06,12.57,12.78,12.6794,99300,0.0,1.0,BLAU3
2025-02-05,12.75,12.89,12.26,12.28,12.1833,96100,0.0,1.0,BLAU3
2025-02-06,12.25,12.61,12.09,12.36,12.2627,191700,0.0,1.0,BLAU3
2025-02-07,12.32,12.44,11.89,12.05,11.9551,134000,0.0,1.0,BLAU3
2025-02-10,11.78,12.38,11.78,11.97,11.8757,181400,0.0,1.0,BLAU3
2025-02-11,11.76,12.14,11.76,12.1,12.0047,243600,0.0,1.0,BLAU3
2025-02-12,11.87,12.21,11.8,11.83,11.7368,108200,0.0,1.0,BLAU3
2025-02-13,11.8,11.9,11.62,11.89,11.7964,118300,0.0,1.0,BLAU3
2025-02-14,11.81,12.75,11.75,12.75,12.6496,171700,0.0,1.0,BLAU3
2025-02-17,12.49,13.34,12.49,12.73,12.6297,230100,0.0,1.0,BLAU3
2025-02-18,12.6,12.81,12.1,12.1,12.0047,164700,0.0,1.0,BLAU3
2025-02-19,12.06,12.14,11.85,11.86,11.7666,153600,0.0,1.0,BLAU3
2025-02-20,12.07,12.29,11.84,12.22,12.1238,146200,0.0,1.0,BLAU3
2025-02-21,12.2,12.41,11.87,11.96,11.8658,143500,0.0,1.0,BLAU3
2025-02-24,11.96,12.08,11.67,11.67,11.5781,256400,0.0,1.0,BLAU3
2025-02-25,12.0,13.25,12.0,12.6,12.5008,559100,0.0,1.0,BLAU3
2025-02-26,12.6,12.75,12.2,12.29,12.1932,141000,0.0,1.0,BLAU3
2025-02-27,12.26,12.97,12.26,12.6,12.5008,195600,0.0,1.0,BLAU3
2025-02-28,12.37,12.82,12.33,12.42,12.3222,257900,0.0,1.0,BLAU3
2025-03-05,12.42,12.42,11.91,12.4,12.3023,64100,0.0,1.0,BLAU3
2025-03-06,12.19,12.63,12.19,12.51,12.4115,117600,0.0,1.0,BLAU3
2025-03-07,12.51,12.84,12.27,12.6,12.5008,143600,0.0,1.0,BLAU3
2025-03-10,12.3,12.59,12.28,12.55,12.4512,247600,0.0,1.0,BLAU3
2025-03-11,12.42,12.55,12.23,12.31,12.2131,135400,0.0,1.0,BLAU3
2025-03-12,12.29,12.38,12.1,12.15,12.0543,152800,0.0,1.0,BLAU3
2025-03-13,12.3,12.3,11.67,11.8,11.7071,206300,0.0,1.0,BLAU3
2025-03-14,11.85,12.03,11.69,11.69,11.5979,318300,0.0,1.0,BLAU3
2025-03-17,11.72,12.21,11.72,12.04,11.9452,294900,0.0,1.0,BLAU3
2025-03-18,12.04,12.51,11.74,12.51,12.4115,297300,0.0,1.0,BLAU3
2025-03-19,13.2,13.58,12.54,12.8,12.6992,574500,0.0,1.0,BLAU3
2025-03-20,12.77,13.7,12.67,13.4,13.2945,321600,0.0,1.0,BLAU3
2025-03-21,13.64,13.64,13.2,13.2,13.2,275600,0.2533,1.0,BLAU3
2025-03-24,13.3,13.8,13.14,13.47,13.47,283800,0.0,1.0,BLAU3
2025-03-25,13.59,13.86,13.27,13.4,13.4,171100,0.0,1.0,BLAU3
2025-03-26,13.36,13.49,13.0,13.26,13.26,188500,0.0,1.0,BLAU3
2025-03-27,13.19,13.49,13.09,13.09,13.09,120200,0.0,1.0,BLAU3
2025-03-28,13.03,13.25,12.54,13.2,13.2,336800,0.0,1.0,BLAU3
2025-03-31,13.18,13.19,12.66,12.72,12.72,318000,0.0,1.0,BLAU3
2025-04-01,12.61,12.9,12.61,12.9,12.9,369400,0.0,1.0,BLAU3
2025-04-02,12.78,12.99,12.71,12.91,12.91,647200,0.0,1.0,BLAU3
2025-04-03,12.99,14.06,12.88,14.06,14.06,839900,0.0,1.0,BLAU3
2025-04-04,13.72,13.75,12.94,13.4,13.4,354400,0.0,1.0,BLAU3
2025-04-07,12.9,13.24,12.31,12.48,12.48,356000,0.0,1.0,BLAU3
2025-04-08,12.59,12.87,12.34,12.51,12.51,256000,0.0,1.0,BLAU3
2025-04-09,12.4,13.05,12.18,12.62,12.62,446500,0.0,1.0,BLAU3
2025-04-10,12.49,13.43,12.31,13.25,13.25,650000,0.0,1.0,BLAU3
2025-04-11,13.46,13.46,12.67,12.85,12.85,433200,0.0,1.0,BLAU3
2025-04-14,12.99,13.26,12.61,12.79,12.79,323900,0.0,1.0,BLAU3
2025-04-15,12.77,12.93,12.6,12.75,12.75,179500,0.0,1.0,BLAU3
2025-04-16,12.73,13.13,12.61,13.04,13.04,170500,0.0,1.0,BLAU3
2025-04-17,12.7,12.78,12.15,12.66,12.66,585900,0.0,1.0,BLAU3
2025-04-22,12.4,12.68,12.28,12.47,12.47,391200,0.0,1.0,BLAU3
2025-04-23,12.47,12.92,12.26,12.26,12.26,330000,0.0,1.0,BLAU3
2025-04-24,12.26,13.2,12.26,13.2,13.2,228800,0.0,1.0,BLAU3
2025-04-25,13.0,13.17,12.75,12.79,12.79,193700,0.0,1.0,BLAU3
2025-04-28,12.58,12.75,12.37,12.37,12.37,446900,0.0,1.0,BLAU3
2025-04-29,12.37,12.99,12.33,12.55,12.55,366000,0.0,1.0,BLAU3
2025-04-30,12.47,12.91,12.37,12.91,12.91,235600,0.0,1.0,BLAU3
2025-05-02,13.24,13.74,13.18,13.33,13.33,818000,0.0,1.0,BLAU3
2025-05-05,13.3,14.15,13.2,13.83,13.83,864400,0.0,1.0,BLAU3
2025-05-06,13.5,13.88,13.34,13.68,13.68,293800,0.0,1.0,BLAU3
2025-05-07,13.8,13.81,12.81,13.04,13.04,953700,0.0,1.0,BLAU3
2025-05-08,13.05,13.48,12.91,12.92,12.92,386100,0.0,1.0,BLAU3
2025-05-09,13.26,13.48,12.65,12.85,12.85,417600,0.0,1.0,BLAU3
2025-05-12,12.92,13.07,12.55,12.77,12.77,323400,0.0,1.0,BLAU3
2025-05-13,12.77,13.43,12.69,13.21,13.21,403200,0.0,1.0,BLAU3
2025-05-14,13.09,13.55,13.09,13.15,13.15,188800,0.0,1.0,BLAU3
2025-05-15,13.15,14.0,13.11,13.9,13.9,474700,0.0,1.0,BLAU3
2025-05-16,13.74,14.2,13.74,14.05,14.05,309800,0.0,1.0,BLAU3
2025-05-19,14.01,14.43,14.0,14.2,14.2,270400,0.0,1.0,BLAU3
2025-05-20,14.19,14.44,14.0,14.25,14.25,254900,0.0,1.0,BLAU3
2025-05-21,14.0,14.24,13.54,14.06,14.06,482900,0.0,1.0,BLAU3
2025-05-22,14.0,14.37,13.86,13.86,13.86,145200,0.0,1.0,BLAU3
2025-05-23,13.84,14.33,13.4,14.33,14.33,485800,0.0,1.0,BLAU3
2025-05-26,14.3,14.4,14.02,14.02,14.02,269800,0.0,1.0,BLAU3
2025-05-27,14.35,14.67,14.17,14.46,14.46,597600,0.0,1.0,BLAU3
2025-05-28,14.32,14.41,14.16,14.3,14.3,230100,0.0,1.0,BLAU3
2025-05-29,14.3,14.35,13.98,14.1,14.1,237400,0.0,1.0,BLAU3
2025-05-30,13.99,14.17,13.84,14.0,14.0,230800,0.0,1.0,BLAU3
2025-06-02,14.35,14.36,13.72,14.16,14.16,469500,0.0,1.0,BLAU3
2025-06-03,13.9,14.52,13.9,14.51,14.51,235900,0.0,1.0,BLAU3
2025-06-04,14.64,14.71,14.35,14.6,14.6,189800,0.0,1.0,BLAU3
2025-06-05,14.55,14.62,13.99,14.32,14.32,302400,0.0,1.0,BLAU3
2025-06-06,14.32,14.38,13.9,13.9,13.9,259900,0.0,1.0,BLAU3
2025-06-09,13.92,14.07,13.6,13.73,13.73,287300,0.0,1.0,BLAU3
2025-06-10,13.99,14.12,13.8,13.87,13.87,163900,0.0,1.0,BLAU3
2025-06-11,13.75,14.12,13.63,13.88,13.88,201000,0.0,1.0,BLAU3
2025-06-12,13.78,13.86,13.55,13.66,13.66,256200,0.0,1.0,BLAU3
2025-06-13,13.7,13.78,13.55,13.7,13.7,148900,0.0,1.0,BLAU3
2025-06-16,13.79,14.07,13.79,13.98,13.98,265200,0.0,1.0,BLAU3
2025-06-17,13.92,14.08,13.59,13.6,13.6,266800,0.0,1.0,BLAU3
2025-06-18,13.58,13.95,13.56,13.66,13.66,155100,0.0,1.0,BLAU3
2025-06-20,13.66,13.77,13.51,13.67,13.67,192400,0.0,1.0,BLAU3
2025-06-23,13.6,13.77,13.3,13.57,13.57,223900,0.0,1.0,BLAU3
2025-06-24,13.57,13.94,13.51,13.71,13.71,260200,0.0,1.0,BLAU3
2025-06-25,13.97,13.97,13.44,13.46,13.46,303400,0.0,1.0,BLAU3
2025-06-26,13.65,13.67,13.53,13.57,13.57,172100,0.0,1.0,BLAU3
2025-06-27,13.64,13.79,13.4,13.43,13.43,201400,0.0,1.0,BLAU3
2025-06-30,13.5,13.81,13.31,13.79,13.79,253700,0.0,1.0,BLAU3
2025-07-01,13.41,13.74,13.01,13.34,13.34,952700,0.0,1.0,BLAU3
2025-07-02,13.34,13.37,12.03,12.46,12.46,1467200,0.0,1.0,BLAU3
2025-07-03,12.47,12.86,12.31,12.71,12.71,458700,0.0,1.0,BLAU3
2025-07-04,12.71,12.97,12.7,12.84,12.84,219900,0.0,1.0,BLAU3
2025-07-07,12.91,12.91,12.73,12.83,12.83,361600,0.0,1.0,BLAU3
2025-07-08,13.0,13.05,12.75,12.95,12.95,453300,0.0,1.0,BLAU3
2025-07-09,12.94,13.83,12.94,13.32,13.32,551200,0.0,1.0,BLAU3
2025-07-10,13.0,13.29,12.97,13.24,13.24,115400,0.0,1.0,BLAU3
2025-07-11,13.03,13.22,12.94,13.01,13.01,161600,0.0,1.0,BLAU3
2025-07-14,12.98,12.98,12.98,12.98,12.98,318500,0.0,1.0,BLAU3
